sex,length,diameter,weight,age
M,91,73,102.8,16.5
M,70,53,45.1,8.5
F,106,84,135.4,10.5
M,88,73,103.2,11.5
I,66,51,41,8.5
I,85,60,70.3,9.5
F,106,83,155.5,21.5
F,109,85,153.6,17.5
M,95,74,101.9,10.5
F,110,88,178.9,20.5
F,105,76,121.3,15.5
M,86,70,81.2,11.5
M,98,76,108.3,12.5
F,107,81,136.9,11.5
F,94,71,95.1,11.5
M,100,80,132.9,13.5
I,71,56,58.1,8.5
F,88,68,90.2,11.5
M,73,59,51.1,8.5
M,90,64,76.2,10.5
M,71,56,49.1,12.5
I,76,55,45.1,11.5
F,113,88,187.9,13.5
F,110,83,152.7,10.5
F,123,96,232.3,11.5
F,112,88,185.7,12.5
F,116,90,199.1,12.5
M,118,89,186.2,13.5
M,121,95,187.3,16.5
M,115,85,172.7,12.5
M,116,94,199.5,11.5
F,136,112,327.8,16.5
M,133,105,267.6,19.5
F,136,110,359.6,20.5
F,141,110,341.9,14.5
M,93,71,95.9,9.5
F,108,95,243.4,17.5
F,90,71,104.5,9.5
F,115,89,176.6,12.5
M,71,58,65.5,10.5
F,90,67,85,10.5
F,110,85,170.3,15.5
I,48,35,14,6.5
I,41,30,8.4,6.5
I,42,30,8.4,5.5
I,78,59,40.6,8.5
M,94,74,115.9,10.5
F,92,75,92.1,8.5
I,65,49,32.2,7.5
F,105,85,167.1,10.5
I,104,82,119,9.5
M,80,64,60.6,8.5
M,97,72,108.3,11.5
F,94,72,95.5,11.5
M,81,62,77,8.5
F,100,80,132.3,9.5
M,89,70,88.5,9.5
M,94,77,117.9,9.5
I,49,38,17.2,5.5
F,101,80,116.6,8.5
M,90,69,82.3,8.5
M,101,81,125,10.5
F,106,82,139.3,11.5
M,85,65,75.7,8.5
M,104,80,116,9.5
M,95,71,96,9.5
F,113,88,183,13.5
F,119,99,257,14.5
F,95,78,106.1,11.5
I,62,47,30.2,7.5
M,111,85,153.3,14.5
F,80,64,70.6,9.5
F,119,95,249.4,21.5
M,114,96,237,12.5
F,121,90,219.6,14.5
F,120,95,201.5,16.5
M,119,95,188.8,10.5
F,120,94,184.4,11.5
F,111,85,157.6,12.5
F,123,95,220.5,15.5
F,115,89,188.2,10.5
M,124,102,323,13.5
F,104,85,197.7,17.5
M,119,95,263.5,22.5
M,116,90,202.6,15.5
F,114,93,259,13.5
M,125,93,239,14.5
M,112,88,172.9,11.5
F,92,71,103.4,10.5
F,115,90,195.5,13.5
M,113,85,162.3,16.5
M,111,88,151,13.5
M,119,93,223,14.5
F,125,99,252.4,11.5
M,139,112,298.8,16.5
M,133,107,321.2,15.5
M,107,87,145,10.5
M,94,75,104.6,9.5
M,94,74,104.5,8.5
F,95,75,115.7,11.5
I,72,53,46.3,8.5
M,110,87,168.6,16.5
M,106,87,176.6,16.5
M,106,83,144.8,11.5
M,121,94,234.7,13.5
F,104,82,145.4,13.5
F,109,86,160.4,12.5
F,100,80,133.5,11.5
F,102,78,126.7,10.5
F,87,79,72.7,10.5
M,99,79,108.3,10.5
M,93,72,86.2,10.5
I,87,64,66.5,10.5
M,85,70,78.6,10.5
F,109,82,138.7,12.5
F,106,83,118.3,12.5
F,98,75,122.5,12.5
M,88,68,80.4,11.5
F,112,86,176.5,10.5
M,81,61,52.1,9.5
F,94,73,84.1,10.5
I,77,59,50.7,8.5
F,103,85,153.2,15.5
M,74,53,42.8,7.5
I,72,56,35.1,7.5
I,54,39,14.6,6.5
I,75,55,47.6,7.5
I,77,58,50.1,9.5
M,140,107,345.1,20.5
M,142,108,391.8,19.5
M,119,96,252.4,18.5
F,88,70,80.7,10.5
F,65,52,38.3,8.5
I,70,52,42.2,8.5
I,53,40,19.5,8.5
F,85,66,81.2,9.5
F,61,46,31.2,8.5
M,69,51,40.1,10.5
F,81,65,71.1,10.5
M,75,57,50.6,10.5
F,113,89,165.2,11.5
F,110,90,148.2,11.5
M,130,104,268.9,17.5
M,112,91,159.4,12.5
M,95,75,103.5,11.5
F,98,76,109.8,11.5
M,92,70,103,11.5
I,56,41,25.4,10.5
I,35,26,6.3,6.5
I,34,26,6,5.5
M,118,95,210.6,16.5
F,121,100,223.7,10.5
F,127,103,274.3,11.5
F,121,97,211.3,11.5
F,113,90,197.7,13.5
M,103,81,144.4,11.5
F,115,92,198.8,14.5
M,129,97,302.8,17.5
F,116,91,181.5,14.5
F,115,92,224.8,14.5
M,121,93,211.2,14.5
F,121,97,244.4,14.5
M,122,97,248.9,13.5
F,145,112,428.2,19.5
F,130,109,350.4,17.5
M,145,114,510,15.5
F,145,115,424.8,21.5
F,136,114,368.4,21.5
M,141,112,396.2,15.5
F,136,103,323.7,13.5
M,139,110,391.3,15.5
F,106,79,155,8.5
M,105,87,213,9.5
F,104,81,155.2,9.5
I,47,32,9.6,6.5
I,72,52,35.7,8.5
I,63,42,25,6.5
I,63,49,28.7,9.5
I,45,32,9.3,5.5
M,116,95,194,12.5
M,114,96,187.9,15.5
M,128,102,273.6,22.5
F,112,90,204.7,11.5
F,124,95,203.3,11.5
F,129,102,313.5,13.5
M,124,98,243.6,14.5
F,126,96,210.5,13.5
F,126,100,276.6,11.5
F,126,96,239.8,12.5
F,117,92,186.5,10.5
M,123,96,231.9,14.5
M,122,97,204.5,13.5
M,116,90,185.4,15.5
I,71,55,44,9.5
F,102,80,162.9,11.5
M,100,81,154.4,13.5
F,101,82,128.8,12.5
M,128,100,260.7,17.5
M,112,90,184.4,16.5
M,117,92,184.4,11.5
F,90,69,83.3,10.5
M,100,80,165,14.5
F,100,80,126,13.5
F,106,87,163.1,14.5
M,84,67,73.8,9.5
F,88,68,96.4,10.5
I,80,60,63,10.5
I,87,68,75.9,9.5
F,105,83,166.5,14.5
I,74,56,53.1,8.5
F,98,73,126.9,11.5
M,67,50,36.2,8.5
F,83,65,76,13.5
M,100,81,123.1,10.5
F,97,79,132,15.5
M,110,81,160.5,11.5
M,90,70,92,9.5
I,81,60,64.8,8.5
M,94,72,100.2,11.5
F,83,61,64,9.5
F,89,65,91,10.5
F,94,70,103.5,12.5
F,98,75,115.1,10.5
F,89,71,97,12.5
I,85,76,65.3,11.5
F,100,74,90,10.5
F,78,58,61.1,8.5
I,73,54,41,8.5
F,116,93,220.3,12.5
F,106,83,156.6,16.5
M,111,89,167.2,14.5
M,113,88,180.5,15.5
M,125,101,289.1,23.5
I,55,43,23.1,8.5
I,88,70,87,13.5
I,59,45,24.8,10.5
I,15,11,0.4,2.5
I,26,20,2.6,4.5
I,22,18,1.6,4.5
I,32,24,4.2,6.5
M,113,85,188.5,18.5
I,54,40,20,6.5
I,46,35,12.9,6.5
I,60,46,25.5,9.5
I,66,51,33.1,9.5
I,70,52,34.8,11.5
I,64,49,31.7,14.5
I,72,55,39.5,10.5
I,61,49,31.2,8.5
I,69,54,42.7,8.5
I,66,50,34.3,8.5
M,118,94,224.7,14.5
F,119,91,212.1,13.5
F,115,92,218.8,16.5
M,120,99,248.3,16.5
M,112,90,202.2,16.5
M,112,90,214,20.5
M,109,92,179.5,11.5
F,127,101,283,16.5
F,118,95,220.3,14.5
F,108,95,185.6,12.5
F,114,88,173,13.5
M,106,84,178.9,12.5
I,49,39,19,5.5
M,54,40,24.1,7.5
F,92,76,127.8,12.5
M,104,90,179,15.5
M,70,55,58.5,9.5
M,94,78,127.1,10.5
F,90,72,99.9,14.5
F,128,105,355.8,23.5
M,118,100,237.4,17.5
M,124,97,243.8,15.5
M,126,101,305,16.5
M,126,103,251.8,14.5
M,131,108,368.8,23.5
F,132,106,269.7,13.5
M,122,100,328.4,19.5
M,127,105,296.8,21.5
F,103,85,142.4,12.5
F,107,83,168.3,16.5
I,72,57,48.3,8.5
F,91,71,89.9,10.5
M,97,79,125.9,15.5
M,103,76,191.3,15.5
F,107,83,175.8,11.5
M,106,87,139.8,11.5
F,99,80,128.9,18.5
M,88,71,95.5,10.5
F,107,87,162.1,11.5
M,108,87,199.2,18.5
F,113,101,255.3,13.5
M,122,95,223.2,16.5
F,113,91,202.6,20.5
M,120,99,211.5,27.5
I,59,43,25.6,7.5
I,55,41,22.1,7.5
I,56,42,21.3,5.5
M,98,79,109.8,12.5
M,74,56,46.8,10.5
F,81,61,69.7,10.5
F,108,87,178.4,14.5
M,74,56,50.4,9.5
M,72,54,43.4,7.5
F,94,72,94.4,11.5
I,40,29,7.4,5.5
I,33,24,4.3,4.5
M,129,103,308.3,14.5
M,110,82,152.1,15.5
M,114,87,181.1,11.5
F,126,97,248.7,22.5
M,112,88,194.2,15.5
M,119,91,266.1,20.5
F,124,94,245.1,24.5
M,126,97,260,24.5
I,90,71,91.7,9.5
F,127,107,248.4,15.5
M,90,70,73.5,11.5
F,116,91,167.3,19.5
I,66,51,34.4,7.5
I,53,42,19.3,6.5
I,38,29,7.6,5.5
M,77,62,56.9,12.5
I,53,41,21.1,6.5
M,67,53,44.4,8.5
I,71,55,50.2,8.5
I,64,51,35.1,8.5
M,102,80,128.7,13.5
M,72,59,48.2,9.5
I,72,56,45.1,9.5
M,100,76,119.1,13.5
F,80,65,63.7,9.5
I,60,44,24.2,6.5
I,47,35,14.1,6.5
F,148,120,394.8,17.5
M,124,93,268.3,12.5
M,120,95,217.5,15.5
M,118,90,256.6,17.5
M,124,95,265,14.5
F,113,90,200.7,16.5
M,115,91,233,15.5
F,124,102,269.5,15.5
M,124,93,254.8,13.5
F,101,75,113.6,13.5
F,92,85,149.2,9.5
M,98,78,141.4,14.5
F,105,84,151.2,10.5
I,68,52,40,7.5
I,75,61,54.3,9.5
M,122,96,240,15.5
F,122,99,230.6,9.5
F,117,90,173.7,23.5
M,114,92,190.7,13.5
M,116,91,186,10.5
M,127,103,255,17.5
M,140,116,426,21.5
M,135,105,317.4,14.5
F,129,105,361.7,19.5
M,149,117,499.8,18.5
F,137,109,353.6,17.5
M,121,98,245.4,19.5
F,118,93,199.4,13.5
F,130,105,284.5,21.5
F,120,96,205.8,17.5
F,124,100,237.2,13.5
M,126,103,203.2,20.5
M,116,93,177.4,12.5
F,116,91,214.7,11.5
M,126,98,226,13.5
F,138,112,343.8,18.5
F,130,109,313.2,17.5
F,132,113,352.1,17.5
F,136,116,357.4,20.5
F,140,115,262,15.5
M,137,104,268.6,14.5
F,135,109,346.9,21.5
M,126,98,235.5,12.5
F,117,90,215.4,11.5
M,113,93,199,16.5
F,122,99,221.7,13.5
M,121,94,228.1,16.5
M,107,84,158.2,11.5
M,97,80,132.6,11.5
M,94,75,111.3,13.5
M,109,85,168.9,11.5
F,91,74,98.5,10.5
M,108,84,147.7,13.5
M,92,76,96.4,11.5
M,98,84,121.8,15.5
I,93,75,94.2,10.5
I,83,65,64.3,11.5
M,95,75,118.6,11.5
F,94,75,112.3,11.5
I,73,59,50,10.5
I,69,55,39.9,7.5
I,78,62,60.4,12.5
F,100,79,143.1,11.5
M,94,76,117.3,9.5
M,107,88,135.3,13.5
M,117,91,197.4,12.5
F,97,73,117.7,10.5
M,103,91,144.5,10.5
F,87,65,86.7,8.5
F,103,83,138.7,11.5
I,88,69,73,8.5
F,105,88,168.5,13.5
M,90,71,95.8,9.5
M,118,97,182.2,17.5
M,111,90,183,12.5
M,114,88,165.4,9.5
M,118,100,220.9,16.5
M,117,95,189,15.5
F,116,92,198.7,12.5
M,109,88,171.3,13.5
F,121,99,247.7,15.5
F,124,94,206.5,16.5
F,126,100,262.7,21.5
M,126,103,270.4,21.5
F,126,100,201,17.5
M,109,82,125,14.5
F,134,108,300.3,15.5
I,98,76,105.8,12.5
F,98,78,115.7,14.5
I,58,45,20.2,9.5
I,52,40,18.4,7.5
M,116,90,213.6,14.5
F,122,97,218.3,19.5
M,120,100,203,20.5
F,112,91,188.6,22.5
F,115,90,209.5,19.5
F,114,90,191.1,19.5
M,120,94,207.2,21.5
M,113,91,181.3,19.5
M,109,84,150.1,23.5
I,88,69,73.2,14.5
M,100,82,132.4,12.5
I,72,55,43.4,8.5
I,77,61,50.4,15.5
M,78,60,61.1,10.5
M,100,83,137.7,14.5
I,72,55,46.7,11.5
I,67,52,38.4,9.5
F,101,85,170,20.5
I,79,59,54.3,11.5
F,82,65,72.7,11.5
F,112,91,142.8,10.5
M,113,87,196.3,14.5
M,113,91,185.3,17.5
M,121,100,219.6,13.5
F,113,91,164.1,19.5
M,145,113,378.2,17.5
F,135,107,282,17.5
F,133,111,287.7,18.5
F,113,98,184.9,12.5
F,129,110,258.3,15.5
M,115,94,167.5,12.5
F,128,108,244.2,16.5
I,72,56,39.8,10.5
I,83,62,59.3,11.5
F,105,82,141.7,12.5
M,76,57,53.3,12.5
F,117,93,198.3,13.5
I,48,37,14.3,7.5
I,44,33,10.9,6.5
I,51,39,14.7,7.5
I,35,25,4.7,6.5
F,134,110,278.1,13.5
M,131,106,277.6,14.5
F,136,110,348.9,18.5
M,135,111,287.7,22.5
F,106,88,156.7,10.5
F,103,81,129.2,11.5
I,86,68,71.5,10.5
F,104,81,125.4,12.5
F,109,83,154.3,11.5
M,106,83,147.9,18.5
F,93,70,84.2,10.5
M,133,108,269.4,18.5
M,147,118,351.2,22.5
M,132,109,264,17.5
F,140,117,361.5,30.5
M,115,80,186.5,18.5
M,114,93,169.8,16.5
F,116,92,199.1,20.5
M,126,96,202.3,13.5
F,117,93,181.6,14.5
M,110,90,184,12.5
F,125,103,248.3,16.5
M,108,84,161.5,12.5
F,114,91,211.9,15.5
M,118,91,214.6,15.5
M,116,92,184.2,14.5
F,131,102,257.9,12.5
M,131,106,252.7,16.5
M,125,100,273.8,18.5
F,125,100,190.6,16.5
F,128,104,249.6,13.5
F,121,97,202.1,20.5
F,123,105,207.7,12.5
M,111,90,174.8,11.5
F,116,88,170.8,13.5
F,124,104,236.7,24.5
F,124,94,223,16.5
F,120,101,225.8,14.5
F,125,97,234.9,18.5
M,120,94,221,16.5
M,112,92,167.9,13.5
M,117,91,211,16.5
M,112,87,177.8,12.5
I,112,89,174.7,17.5
I,136,106,221.9,11.5
F,91,70,103.7,11.5
F,98,76,134.5,11.5
M,62,44,29.2,7.5
F,55,39,16,6.5
M,54,39,20,7.5
M,80,58,55.9,10.5
M,56,40,18.3,6.5
M,65,46,29.4,5.5
F,69,50,40.6,7.5
M,42,30,7.7,4.5
F,72,54,37.7,6.5
I,73,52,43.6,10.5
M,40,28,7,6.5
M,47,32,10.9,5.5
M,35,25,4.8,5.5
M,31,22,3.1,4.5
F,114,89,146.6,15.5
F,114,90,194.3,13.5
M,77,60,48,10.5
I,106,84,150.4,21.5
F,92,71,91.6,14.5
I,94,74,94.1,13.5
F,87,67,76,10.5
I,94,74,99.7,11.5
I,93,76,90.8,12.5
I,104,81,115.5,12.5
M,58,46,23.3,8.5
M,55,41,18.8,6.5
F,75,58,54.1,11.5
F,100,75,120.8,16.5
F,88,71,83,12.5
M,84,65,57.7,16.5
M,89,70,72.3,9.5
F,76,58,51.4,11.5
M,64,49,31.1,12.5
M,51,39,16,9.5
M,41,31,8.5,8.5
F,113,90,159,13.5
I,111,85,175,12.5
I,130,103,232.5,18.5
I,123,98,197.7,14.5
I,112,88,160,13.5
I,96,74,102.8,14.5
I,97,78,118.2,10.5
I,100,77,125.3,11.5
I,105,81,159,15.5
F,132,100,238.1,13.5
F,132,106,265.2,14.5
I,104,80,132,14.5
F,88,68,72.8,9.5
I,103,80,131.8,14.5
F,95,70,90.4,12.5
F,109,83,146.7,12.5
F,94,71,109.3,15.5
M,70,51,35.8,11.5
I,97,71,116.2,13.5
I,87,66,81.2,13.5
M,56,42,21.7,8.5
F,82,64,77.4,12.5
I,90,70,94.8,17.5
I,90,69,88.6,15.5
F,118,91,213.2,21.5
F,114,88,190.7,18.5
I,122,95,193.3,11.5
F,122,95,226.6,12.5
I,112,85,183.5,11.5
F,117,87,196.4,11.5
I,116,89,177.3,12.5
F,126,96,273.5,18.5
F,125,98,246.6,12.5
I,110,85,161.2,15.5
F,129,105,292.7,20.5
I,92,71,98.7,14.5
F,82,61,72.6,12.5
I,99,78,133.1,12.5
I,104,85,136.1,11.5
F,110,82,165.7,14.5
M,90,67,92.5,15.5
F,81,62,61.9,14.5
I,102,80,149,14.5
F,74,58,50,10.5
I,105,82,174.8,19.5
F,132,104,302.8,20.5
M,107,84,139.9,13.5
I,115,91,170.5,14.5
F,110,86,142.7,10.5
I,121,94,187.8,14.5
I,121,99,210.8,13.5
F,112,89,196.2,17.5
I,107,84,185.2,18.5
F,77,63,57.2,11.5
F,78,60,53,14.5
I,94,69,97.7,12.5
I,103,78,111.1,13.5
I,85,69,85,14.5
M,69,54,39,10.5
I,97,74,91.6,11.5
M,74,57,45.6,11.5
M,70,53,35.5,13.5
F,88,69,81.7,13.5
M,39,29,6.4,5.5
M,65,48,31,10.5
I,99,74,95.5,19.5
I,90,70,105,16.5
M,83,69,77.3,14.5
F,94,71,86.6,13.5
M,64,48,34,8.5
M,62,45,25.9,10.5
M,47,34,10.3,8.5
M,69,51,33.8,11.5
I,97,76,134.6,19.5
F,100,77,135.7,13.5
F,100,77,99.6,18.5
I,93,72,99.6,16.5
F,105,81,131.6,13.5
F,85,67,64.4,11.5
F,76,61,56.3,9.5
I,106,83,188.8,22.5
M,68,53,36.7,11.5
I,95,73,98,10.5
F,86,68,78.2,8.5
M,92,73,93.4,11.5
I,94,72,104.5,10.5
M,72,59,42.1,10.5
M,71,53,33.6,9.5
M,76,47,51.6,8.5
M,71,52,38.1,7.5
I,88,69,97.4,15.5
F,102,80,114.7,14.5
M,65,48,34.6,8.5
I,124,97,235.7,14.5
F,118,90,180,20.5
M,66,51,37.5,8.5
M,90,68,74.3,10.5
I,89,66,69.4,12.5
M,66,43,22.9,7.5
M,96,75,155.4,10.5
I,92,70,97.7,12.5
F,95,72,89.4,10.5
M,51,36,15.8,6.5
I,67,49,33.3,7.5
I,94,70,93.2,12.5
M,62,45,26.9,8.5
F,74,56,46.1,11.5
M,59,43,25.8,8.5
F,111,87,194,18.5
F,123,103,228,17.5
I,116,98,263.3,19.5
F,117,95,191.7,12.5
I,130,105,325.2,19.5
I,107,90,156.2,12.5
F,83,68,73.5,11.5
F,76,61,56.2,13.5
I,90,71,82.4,20.5
F,79,59,44.9,11.5
M,91,70,96.7,12.5
F,97,76,121,16.5
M,110,85,183.5,14.5
F,90,70,108.5,14.5
M,95,77,123.5,15.5
F,100,76,131,18.5
F,106,82,162.3,20.5
M,98,78,114.6,22.5
F,98,77,157.3,24.5
F,104,79,128,23.5
M,108,83,148,13.5
F,100,75,118.9,12.5
F,90,76,163.3,24.5
F,74,55,44.5,9.5
I,74,55,45.9,8.5
M,97,74,114.5,11.5
F,87,65,78.3,8.5
M,107,81,166.9,17.5
M,102,80,130.3,11.5
M,113,88,181.8,16.5
F,107,80,160.9,14.5
F,107,81,185.4,17.5
M,105,80,146.1,12.5
M,118,88,191.1,12.5
M,100,75,127.2,11.5
I,51,38,17.3,6.5
F,86,65,77.3,12.5
M,76,58,56.6,10.5
I,33,22,3.8,5.5
I,63,46,25.7,8.5
I,31,21,3.5,5.5
M,56,41,23.3,6.5
F,86,67,88.8,14.5
F,79,63,70.3,17.5
M,77,57,58.1,13.5
F,96,77,107.2,15.5
F,89,66,90.5,10.5
M,79,59,63.2,13.5
M,80,60,83.4,10.5
M,83,65,83.4,11.5
M,63,50,40.6,12.5
F,69,52,41.4,11.5
M,72,59,55.3,11.5
I,59,45,22.1,8.5
I,65,50,35.2,8.5
M,75,60,49.3,12.5
I,56,41,22.7,8.5
M,71,53,40.2,9.5
M,70,51,38.3,10.5
I,55,40,20.7,8.5
I,58,41,19.5,9.5
I,50,38,15.3,7.5
I,36,25,5.3,5.5
I,30,20,3,3.5
I,32,22,3.6,4.5
M,111,91,211.5,14.5
M,111,88,218.4,16.5
M,105,82,198,16.5
M,93,72,97.6,12.5
F,98,72,100.1,18.5
M,80,61,59.4,11.5
F,96,75,105,13.5
M,101,80,154,14.5
F,104,80,130.3,16.5
M,105,80,165.9,12.5
M,109,84,175.8,14.5
M,104,80,164.6,16.5
M,101,76,131.2,14.5
M,105,85,173.3,19.5
M,102,78,131.3,11.5
M,104,77,133.8,13.5
F,104,81,128.7,13.5
M,107,82,172.4,15.5
M,89,69,75.9,11.5
M,106,88,167,15.5
F,72,53,41.3,9.5
F,107,84,147.3,15.5
F,104,81,163.5,18.5
M,106,83,168.5,21.5
F,106,84,200.2,18.5
F,132,104,335.2,18.5
M,104,77,131.9,10.5
M,107,84,161.1,15.5
M,139,103,303.3,16.5
F,102,78,122.4,14.5
M,97,71,109.4,11.5
F,121,92,224.4,14.5
F,116,91,227.3,14.5
M,130,103,296.1,21.5
M,124,101,305.5,14.5
M,123,105,227.5,21.5
F,121,99,287.4,16.5
M,114,88,223.2,14.5
M,114,86,212.3,16.5
M,117,81,251.3,16.5
F,110,88,189.2,17.5
F,108,88,191.8,18.5
M,128,102,322.6,15.5
F,122,94,230.6,15.5
M,109,90,195.6,12.5
F,118,89,226.5,14.5
M,69,54,39.4,10.5
F,110,86,157,12.5
F,106,85,189.8,18.5
F,106,91,196.1,12.5
I,97,75,104.2,9.5
M,77,55,53.7,9.5
M,91,68,92.4,10.5
M,98,76,152.1,11.5
M,106,82,146.4,12.5
M,101,77,135.5,16.5
M,98,76,127.7,14.5
M,93,70,115.1,16.5
F,94,72,107.4,16.5
M,112,82,186,14.5
M,101,77,128.3,13.5
M,103,87,176.3,11.5
I,77,56,48.8,7.5
I,43,31,10.5,6.5
M,110,83,208.4,16.5
F,103,78,115.1,10.5
M,99,77,141.8,13.5
F,101,78,128.8,10.5
F,120,93,177.5,13.5
F,114,93,178.7,11.5
F,97,75,111.2,11.5
M,94,74,102,10.5
M,115,90,184.3,13.5
M,116,93,206.9,13.5
M,103,81,139,16.5
M,106,82,143.1,12.5
M,88,67,78.8,10.5
M,104,84,149,12.5
F,85,69,73.3,12.5
M,92,68,99,11.5
M,90,67,69.8,11.5
M,85,66,88.1,10.5
I,74,55,44,8.5
M,103,76,132.3,11.5
M,81,61,63.7,8.5
I,56,41,20.3,7.5
F,96,80,151.8,16.5
F,88,68,83.9,11.5
F,104,82,161.4,13.5
M,101,81,175,13.5
F,98,73,136.7,22.5
I,47,35,13.4,7.5
I,51,37,17.6,6.5
I,63,48,34.3,8.5
I,65,50,34.7,8.5
I,67,50,36.6,7.5
I,70,54,41.1,7.5
I,70,50,36,7.5
I,72,60,54,8.5
I,73,55,48,8.5
I,74,55,44.3,7.5
I,76,55,27.5,8.5
I,77,58,62.4,7.5
I,77,60,57.9,8.5
I,79,58,63.8,8.5
I,79,58,60.8,7.5
I,80,62,61.2,7.5
I,82,65,78.8,7.5
I,83,64,74.7,8.5
M,83,61,65,7.5
I,85,65,79.6,7.5
I,88,73,100.2,10.5
I,89,67,97.9,8.5
I,89,65,75.6,8.5
I,90,70,109.4,9.5
M,94,75,116.1,9.5
I,95,73,109.3,10.5
F,96,73,127.9,9.5
I,97,71,99.6,10.5
M,98,77,121.8,9.5
F,99,82,151.1,10.5
M,100,80,119.5,10.5
M,101,88,165.5,9.5
M,105,79,152.7,9.5
M,108,81,178.2,10.5
F,108,84,161,12.5
F,109,88,183.7,11.5
F,110,86,184.6,9.5
M,110,90,202.9,11.5
F,110,90,175,11.5
M,111,87,193.7,10.5
M,113,90,211.9,11.5
M,114,91,190.4,10.5
M,114,87,150.7,11.5
F,115,93,191.6,10.5
M,118,95,215.4,10.5
M,118,92,220.4,13.5
F,119,96,222,11.5
F,119,96,241.9,9.5
F,119,95,228.1,7.5
F,119,93,222.6,13.5
M,120,95,268.9,12.5
F,120,95,242,11.5
M,120,99,258,12.5
F,121,95,276.4,11.5
M,121,91,220.7,10.5
F,123,100,275.4,13.5
F,123,104,268.7,11.5
M,123,102,259.2,10.5
M,123,101,268,13.5
F,124,101,274.5,12.5
M,124,100,261.4,10.5
F,125,98,241.7,12.5
F,125,98,276.5,12.5
M,126,101,252,15.5
M,127,102,271.1,10.5
F,127,100,275.2,11.5
F,127,97,258.9,10.5
F,128,102,297.2,9.5
M,130,105,294.3,12.5
M,131,104,281.9,10.5
M,131,116,416.1,18.5
M,132,106,278.1,16.5
M,132,104,311.6,11.5
F,134,117,261.8,11.5
F,135,105,361.9,13.5
F,135,105,295.7,10.5
F,136,112,355.5,12.5
F,137,108,333.5,12.5
F,139,112,366.8,12.5
M,146,119,565.1,18.5
I,41,28,9.2,7.5
I,48,35,14.1,6.5
I,48,35,13.3,4.5
I,51,38,16.6,7.5
I,51,36,16.6,5.5
I,53,39,18.4,7.5
I,56,24,23.4,5.5
I,59,46,32.5,6.5
I,60,47,26.2,5.5
I,60,46,27.7,7.5
I,61,44,28.2,6.5
I,63,47,29.7,7.5
I,63,46,28.8,9.5
I,64,48,31.5,6.5
I,65,48,37.4,7.5
I,66,53,39.2,7.5
I,67,50,36.5,8.5
I,67,50,37.2,8.5
I,68,50,35.7,6.5
I,68,50,44.5,8.5
I,69,53,49.1,8.5
I,74,58,49.8,7.5
I,74,56,57.3,8.5
I,75,56,43,7.5
I,77,53,50.2,7.5
I,82,62,67.8,8.5
I,82,61,70.7,8.5
I,82,62,66.7,7.5
I,83,66,71.9,7.5
I,84,64,75.2,6.5
I,84,63,68.7,7.5
I,85,68,76.4,7.5
I,85,63,75.4,7.5
I,86,65,72.9,8.5
I,86,65,85,8.5
I,87,65,79.9,9.5
I,87,68,78.5,7.5
I,88,69,89.9,7.5
I,88,65,70,8.5
F,89,67,87.1,7.5
I,89,70,83.9,8.5
I,90,72,95.6,8.5
I,90,71,88.9,9.5
I,90,69,94,8.5
I,90,67,89.4,8.5
I,91,71,106.5,8.5
I,91,75,99.4,7.5
I,92,72,92.7,8.5
I,92,69,89.8,8.5
I,93,73,93.4,8.5
I,93,74,106.8,8.5
I,93,69,88.3,8.5
F,93,70,96.4,7.5
M,94,73,122.4,9.5
F,94,73,116.4,9.5
M,95,74,107.4,10.5
F,95,72,118.3,7.5
M,96,75,135.3,7.5
M,96,77,128,7.5
M,96,72,87.8,9.5
M,96,73,120.3,8.5
F,97,74,95.7,8.5
M,98,77,129.8,9.5
M,99,79,126.7,9.5
M,99,80,122,8.5
M,100,78,131.9,7.5
I,100,77,112,9.5
M,100,77,128.5,8.5
M,100,80,134.5,8.5
F,101,78,134.8,10.5
I,101,78,137,9.5
M,101,82,128.4,10.5
I,101,71,120.2,9.5
M,102,78,153.8,9.5
I,102,75,115.7,8.5
I,102,81,153.8,8.5
M,102,81,140.7,9.5
M,102,82,159.2,9.5
F,103,86,166.8,9.5
M,103,78,142.5,8.5
F,105,83,144.8,9.5
M,105,80,146.5,12.5
F,106,85,151.7,9.5
F,106,85,169.9,9.5
M,106,81,130.3,8.5
F,107,80,164.3,9.5
M,107,86,143.3,9.5
M,107,87,174.8,9.5
F,110,89,198.1,10.5
F,110,86,162.1,10.5
F,112,91,193.4,10.5
F,113,80,139.5,9.5
M,114,90,239,11.5
M,114,90,238.7,11.5
F,114,91,221.4,9.5
M,114,89,212.7,9.5
M,114,92,180.7,8.5
M,115,95,222.8,10.5
F,115,92,220.6,10.5
F,116,92,223.1,8.5
F,116,92,210.3,9.5
M,116,91,202.4,11.5
F,116,90,227.4,9.5
M,116,98,226.7,10.5
M,118,93,227.2,12.5
M,118,94,241.2,9.5
F,118,91,212.6,9.5
F,119,94,224.2,12.5
F,119,90,222.8,12.5
M,119,95,242.6,10.5
F,119,92,200.9,10.5
M,119,91,208.8,10.5
F,121,98,226.9,10.5
M,121,95,232.2,10.5
M,121,94,246.3,12.5
M,122,94,232.5,12.5
M,122,95,233.6,11.5
F,123,96,250.5,9.5
F,124,102,266.3,12.5
F,125,96,270.5,11.5
M,125,98,266.5,11.5
F,125,95,228.7,11.5
F,125,100,257.6,10.5
F,125,97,276,10.5
M,126,97,255.6,9.5
F,126,99,261.5,12.5
M,126,96,235.7,9.5
M,127,98,275,12.5
M,127,105,281.3,11.5
M,128,101,280.5,11.5
F,128,100,303.5,12.5
F,128,100,278.8,11.5
F,129,100,244.1,11.5
M,129,104,327.2,12.5
M,129,104,312.2,9.5
F,129,101,286.5,9.5
M,129,100,267.7,12.5
F,129,100,249.3,11.5
F,129,103,242.4,11.5
M,130,99,260.8,10.5
M,130,104,335.7,12.5
M,130,105,324.4,11.5
F,131,92,298.8,10.5
F,131,102,330.5,11.5
F,132,101,305.6,12.5
M,132,107,318.1,10.5
M,132,99,325.5,11.5
F,132,95,273.9,7.5
M,134,105,321.7,12.5
F,135,114,317.4,11.5
F,135,113,367.5,13.5
M,136,107,321.4,13.5
M,138,105,340.1,9.5
M,138,101,374.4,11.5
F,139,107,367.7,11.5
F,141,107,337,13.5
M,142,113,439.6,12.5
M,143,113,390.5,11.5
F,143,105,312,12.5
F,147,120,511,12.5
M,153,120,460.4,13.5
I,37,26,5.8,5.5
I,39,30,7.5,4.5
I,39,27,6.5,5.5
I,40,31,8.7,5.5
I,45,33,11.8,5.5
I,49,36,14.2,5.5
I,50,36,13.7,6.5
I,53,39,16.8,8.5
I,55,39,21.2,7.5
I,56,42,21.5,6.5
I,57,44,19.2,6.5
I,60,44,25.1,7.5
I,63,47,30.2,7.5
I,64,45,28.3,7.5
I,68,53,40.3,6.5
I,74,56,44.2,7.5
I,75,56,46.9,7.5
I,75,55,46.5,7.5
I,77,58,49.7,8.5
I,80,64,69.6,7.5
I,81,60,64,8.5
I,82,60,56.4,8.5
I,82,65,64.9,7.5
I,84,60,63.2,8.5
I,84,64,72.5,8.5
I,84,62,55.8,7.5
I,85,65,73.7,8.5
M,86,67,79.4,8.5
I,87,66,82.6,7.5
I,87,69,83.6,8.5
I,88,66,74.1,8.5
I,89,69,81.8,8.5
I,89,68,86.8,8.5
I,89,67,82.2,9.5
I,90,73,92.4,9.5
I,90,68,98.5,7.5
I,90,66,74.3,8.5
I,90,66,82.2,7.5
I,90,66,73.7,7.5
I,92,70,83.1,8.5
M,94,72,108.8,8.5
I,94,76,96.9,7.5
I,95,70,91.3,7.5
I,95,70,90.9,8.5
I,96,76,124.9,9.5
M,98,93,104.5,8.5
I,100,75,109.9,8.5
I,100,75,108.4,10.5
I,100,76,103.8,9.5
M,100,78,104.3,7.5
F,101,78,108.9,8.5
I,102,81,135.9,9.5
F,102,80,109,7.5
I,102,80,111.5,10.5
I,102,76,103.1,9.5
I,103,77,122.3,9.5
M,104,80,155.3,10.5
I,104,76,107.9,9.5
I,104,76,110.9,9.5
F,104,92,203.8,8.5
I,105,80,129.1,9.5
I,105,80,120.2,10.5
M,105,81,151.1,10.5
I,105,79,121.6,9.5
I,106,80,123.4,9.5
I,107,78,119.8,10.5
I,108,84,133.3,11.5
M,109,78,156.7,8.5
M,109,82,158.6,10.5
M,109,83,164,10.5
F,110,83,162.9,9.5
F,110,86,168,9.5
M,110,85,166.3,11.5
M,112,86,179.9,10.5
M,112,89,179.3,9.5
F,112,88,128.1,9.5
M,112,83,170.4,9.5
M,113,91,191.9,10.5
M,113,87,198,9.5
F,113,90,201.9,10.5
M,114,92,207.5,10.5
F,114,89,175.5,9.5
I,114,88,151,9.5
F,115,92,198.9,8.5
F,115,90,213.6,11.5
M,115,87,169.1,10.5
F,115,94,173.8,10.5
M,115,91,181.4,10.5
I,115,87,161,11.5
M,115,89,204.5,10.5
M,115,89,169.4,10.5
M,116,91,222.8,9.5
M,116,91,371.8,10.5
M,116,89,162.8,10.5
M,116,90,192.3,10.5
M,116,90,200.5,9.5
F,116,90,186,10.5
M,117,92,186.7,10.5
M,117,93,191.1,8.5
M,118,94,199.1,9.5
F,120,95,205.3,10.5
M,120,91,238.3,9.5
F,120,93,220.5,9.5
M,120,93,203.3,11.5
F,121,94,235.5,10.5
M,121,95,223.5,10.5
M,121,96,236.7,11.5
F,121,95,211.2,10.5
M,122,97,202.9,9.5
M,122,97,266.1,10.5
M,122,94,210.4,10.5
M,123,92,211.3,11.5
F,123,93,184.6,10.5
F,123,95,205.4,10.5
M,124,94,203.9,9.5
M,124,90,171.6,9.5
F,124,96,222.5,9.5
F,125,97,274.9,10.5
M,125,96,241.3,9.5
M,126,94,226.5,9.5
M,126,100,252.9,11.5
F,127,99,231.3,10.5
M,128,103,273.8,11.5
M,129,106,278,11.5
F,129,96,226.9,11.5
F,130,100,292.8,10.5
M,130,100,240.4,12.5
M,131,103,262,12.5
F,131,102,283,11.5
F,132,106,269.2,12.5
M,133,105,272.6,9.5
I,133,100,259.5,10.5
F,134,101,272.9,10.5
F,137,108,340.5,15.5
M,137,104,303.8,11.5
F,138,108,290.8,10.5
M,138,106,316.6,13.5
F,138,106,310.7,10.5
M,139,112,348,11.5
M,140,113,350.2,10.5
M,140,115,454.6,13.5
F,140,105,329.3,10.5
F,141,110,243.8,10.5
F,142,112,330.4,12.5
M,143,110,400.9,13.5
M,143,107,335.1,11.5
F,144,116,420.6,11.5
F,144,110,399.3,11.5
M,144,113,237.4,9.5
M,145,101,395.6,13.5
F,146,115,375.9,13.5
M,147,117,424.8,12.5
M,149,113,386.2,12.5
F,150,114,447.2,12.5
F,151,125,501,12.5
M,151,116,401.3,11.5
F,156,126,531.4,12.5
I,37,75,92.9,7.5
I,49,41,15.3,5.5
I,50,37,13.7,6.5
I,50,38,16.7,6.5
I,55,39,22.5,7.5
I,61,43,21.5,6.5
I,62,45,21.1,6.5
I,63,46,27.5,6.5
I,63,46,22.9,6.5
I,65,45,27.8,7.5
I,66,50,41.7,8.5
I,66,41,31.9,6.5
I,67,49,40.3,8.5
I,68,50,35.8,7.5
I,69,51,38.9,7.5
I,69,51,40.1,6.5
I,70,54,43,7.5
I,70,51,35.7,9.5
I,72,54,39.2,5.5
I,73,54,37.5,7.5
I,73,54,39.2,8.5
I,73,53,42.6,8.5
I,74,58,48.9,8.5
I,74,56,43.4,7.5
I,75,58,42.6,6.5
I,75,58,47.7,8.5
I,75,55,43.6,7.5
I,75,55,49.3,7.5
I,75,56,40.5,9.5
I,75,54,43.6,8.5
I,76,55,51.2,7.5
I,76,54,42.1,9.5
I,77,58,52.3,10.5
I,77,56,43.5,9.5
I,77,60,60.4,8.5
I,77,56,45.6,6.5
I,78,60,65.3,8.5
I,79,61,56.8,9.5
I,79,59,54.5,9.5
I,79,54,59.7,6.5
I,80,58,53.5,6.5
I,81,57,52.9,7.5
I,82,67,66,8.5
I,84,61,65.6,7.5
I,85,65,66.7,8.5
I,85,64,61.1,8.5
I,85,62,60.2,8.5
I,86,68,85.6,9.5
I,86,63,75.6,9.5
I,87,63,73.7,8.5
I,88,68,87.6,10.5
I,90,66,89.6,10.5
I,91,69,80.1,9.5
F,91,73,86.1,9.5
I,91,66,74.4,9.5
I,92,72,93.2,8.5
I,92,70,74.1,10.5
F,92,73,95.7,9.5
I,93,68,69.2,12.5
I,94,73,82.2,9.5
I,94,71,96,9.5
I,94,71,78.6,9.5
I,95,71,100.7,9.5
I,95,76,88.2,9.5
I,95,72,98.4,9.5
I,96,74,108.7,10.5
I,96,71,94.5,9.5
I,96,73,92.2,9.5
I,99,71,99.3,9.5
I,99,76,102.5,8.5
M,99,79,110.6,9.5
I,100,76,118.8,10.5
M,100,84,135.3,10.5
I,100,75,115.9,10.5
I,100,82,132.3,10.5
I,100,75,113.9,8.5
I,100,79,124.3,10.5
I,101,81,120.3,9.5
I,101,76,118.8,8.5
I,101,79,110.2,9.5
I,103,76,125,8.5
I,103,84,142.2,14.5
I,103,80,139.3,10.5
I,104,80,116.5,11.5
I,104,79,132.6,10.5
I,105,80,139.3,10.5
M,105,84,168.4,10.5
I,106,83,138.8,10.5
I,106,84,162,11.5
I,106,83,114.9,10.5
I,106,85,153.5,10.5
I,107,80,120.5,10.5
I,107,83,115.3,9.5
F,107,82,142.9,10.5
M,107,87,143.4,10.5
F,108,84,173.1,11.5
I,108,84,145.3,10.5
I,109,87,154.3,9.5
F,109,89,160,10.5
I,109,86,145.7,11.5
I,109,81,118.9,9.5
I,110,86,157.9,12.5
F,110,81,130.2,10.5
M,110,86,174.9,10.5
I,110,87,150.7,11.5
I,110,85,146.1,10.5
M,111,88,174.1,10.5
I,111,86,147.9,11.5
I,111,86,153.3,10.5
I,111,85,158.1,10.5
I,112,85,164.1,10.5
I,112,85,137.6,10.5
F,112,89,244.8,11.5
I,112,91,194.8,10.5
I,113,88,174.7,12.5
F,113,90,169.9,9.5
M,113,89,159.2,9.5
M,113,78,148.8,12.5
I,114,90,150.2,11.5
I,114,90,158.8,9.5
F,114,92,195.9,10.5
M,114,87,174.6,11.5
I,114,88,153.3,11.5
M,114,87,179.3,10.5
F,115,84,171.4,11.5
F,115,96,215.6,10.5
M,115,92,178.4,11.5
M,116,92,287.9,11.5
M,116,91,159.1,11.5
F,116,89,171.6,9.5
M,117,93,182.9,10.5
M,117,98,234.2,11.5
I,117,95,210.1,11.5
M,117,92,222.7,11.5
M,117,94,281.8,11.5
M,117,95,213,11.5
M,117,90,159.9,9.5
I,118,89,154.3,10.5
M,118,94,237.4,10.5
M,118,91,177.1,11.5
F,119,93,196,11.5
F,119,93,205.2,13.5
M,120,95,226.3,11.5
M,120,96,202.8,12.5
I,120,95,224,11.5
F,120,93,208,12.5
F,120,91,177.9,11.5
M,120,92,191.9,12.5
I,121,97,247.6,12.5
M,121,98,195.1,11.5
I,121,87,180.5,12.5
F,121,95,215.2,10.5
F,121,94,216.7,13.5
M,122,90,174.2,11.5
M,122,96,248.8,13.5
M,122,95,205.3,11.5
I,122,93,192.1,10.5
M,122,96,227.4,11.5
M,122,92,200,11.5
F,123,95,200.8,11.5
M,123,94,225.6,11.5
M,123,100,210.8,11.5
F,123,95,204.6,13.5
M,123,95,225.8,11.5
M,123,96,223.6,10.5
F,123,95,223,11.5
M,124,102,256.3,11.5
M,124,99,251.1,13.5
F,124,100,258.6,11.5
F,124,95,225.9,11.5
M,125,91,216.4,10.5
F,125,101,230,12.5
F,125,103,252.8,10.5
F,125,96,240.7,13.5
F,126,97,264.1,10.5
I,126,101,254.4,12.5
M,126,97,212.4,13.5
I,126,95,212.1,11.5
M,126,99,218.6,13.5
M,127,98,220.2,11.5
F,127,100,291.9,10.5
F,127,99,242.2,10.5
M,127,95,238.7,11.5
M,127,102,197.2,11.5
M,128,113,304.2,16.5
M,128,105,262.7,11.5
M,129,102,236.7,12.5
M,129,100,280.2,11.5
M,129,105,301.5,12.5
F,130,101,232,12.5
F,130,118,332.4,12.5
M,130,105,307.3,12.5
M,130,102,308.4,10.5
F,130,102,313.4,11.5
F,131,105,271.9,11.5
M,131,107,328.9,14.5
F,131,104,290.9,11.5
M,131,98,271.7,11.5
F,132,99,309.6,11.5
F,132,103,267.4,11.5
F,133,106,298.2,11.5
F,134,106,312.3,12.5
F,134,101,202.9,11.5
M,135,109,347.5,14.5
M,137,109,358.5,10.5
F,139,113,352.7,12.5
F,140,109,311.2,13.5
M,141,113,442,11.5
M,141,111,428.2,12.5
F,141,114,306.9,13.5
F,142,110,322.8,12.5
F,144,115,386.7,14.5
M,144,115,434.6,13.5
F,145,120,347.4,12.5
F,146,116,347.5,12.5
F,147,113,425.5,13.5
F,149,114,450,10.5
F,150,122,501.7,15.5
F,163,130,451,15.5
I,28,21,2.8,4.5
I,46,33,10.3,5.5
I,73,53,44.3,8.5
I,73,51,39.7,6.5
I,74,54,46.4,7.5
I,75,56,63.1,8.5
I,77,60,49.4,6.5
I,79,59,60.5,6.5
I,80,58,65.8,7.5
I,80,60,56.3,8.5
I,81,62,68.5,9.5
I,81,58,56.5,8.5
I,81,60,60.8,7.5
I,82,64,58.1,6.5
M,83,63,77.9,10.5
I,85,68,77.8,7.5
I,86,68,88.1,7.5
I,88,68,73.8,6.5
M,88,64,91.3,9.5
I,88,73,89.3,10.5
M,90,67,89.5,7.5
I,91,67,100.2,8.5
I,92,71,87.2,9.5
I,94,69,92.3,10.5
I,94,70,86.3,7.5
I,94,71,73.7,7.5
M,95,74,129.8,9.5
I,95,73,91.8,8.5
F,95,73,113.2,8.5
I,96,72,108.4,8.5
I,97,76,94.5,7.5
M,97,78,128.7,9.5
M,97,74,105.2,7.5
F,99,76,114.6,8.5
M,101,77,110.5,10.5
F,101,76,137.1,10.5
I,103,79,111.2,9.5
M,103,85,187.3,9.5
I,103,80,112.5,8.5
M,104,80,111.8,9.5
M,105,80,144.1,9.5
I,106,86,140.9,10.5
M,106,80,151.5,9.5
F,109,82,148.1,10.5
F,110,86,168,9.5
M,110,85,158.6,10.5
F,112,86,174.9,9.5
F,112,87,174.3,10.5
M,114,89,197.5,9.5
M,115,93,216,10.5
M,115,92,183.1,9.5
F,116,92,233,10.5
F,116,87,190.6,10.5
M,117,91,181.2,9.5
M,118,88,174.5,9.5
F,118,93,230.2,10.5
F,118,92,198.1,9.5
F,119,91,208,10.5
M,120,91,189,9.5
M,120,93,251.8,10.5
F,121,97,190.3,12.5
F,121,97,240.2,10.5
F,121,103,257.8,10.5
F,122,97,220.1,12.5
I,123,95,168.5,9.5
M,124,97,209.8,11.5
F,124,87,202.4,9.5
M,124,96,214.5,10.5
M,125,104,282.1,11.5
M,125,94,227.2,12.5
M,126,94,220.1,10.5
F,126,100,222.1,11.5
M,126,91,226.3,10.5
M,126,96,254.2,12.5
F,126,98,267.2,11.5
F,127,101,226.9,11.5
M,127,102,261.6,9.5
F,128,103,306.7,10.5
F,129,103,309.2,11.5
M,129,102,307.8,12.5
F,129,101,263.6,12.5
F,130,109,304.9,11.5
M,130,103,293.2,11.5
F,130,100,276.5,10.5
M,130,97,235,9.5
F,131,108,311.1,12.5
M,131,102,356.7,12.5
M,132,101,274.8,11.5
F,133,103,277.8,11.5
M,134,109,340.5,12.5
M,134,102,305.3,11.5
M,134,100,303.8,11.5
F,136,100,348.2,13.5
M,136,103,322.3,12.5
M,138,105,356.5,13.5
F,140,110,336.8,12.5
M,140,111,371.6,12.5
M,141,112,335,11.5
M,144,113,421.1,13.5
M,145,115,442,14.5
M,148,114,374.5,11.5
M,150,110,378.6,12.5
I,42,34,9.5,6.5
I,57,42,20.2,6.5
I,59,43,24.2,7.5
I,60,46,23.4,7.5
I,61,45,29.3,7.5
I,67,51,33.6,6.5
I,70,52,36,6.5
I,71,54,35.5,7.5
I,71,52,39.7,8.5
I,72,54,40,9.5
I,72,55,44.1,8.5
I,72,53,36.9,8.5
I,73,54,44.5,8.5
I,74,54,43.5,7.5
I,75,56,43.3,8.5
I,76,57,48.6,8.5
I,76,58,47.4,7.5
I,77,58,47.3,9.5
I,77,56,51.4,8.5
I,77,60,61.6,9.5
I,78,60,50.4,8.5
I,78,57,56.2,8.5
I,78,58,44.5,8.5
I,82,60,60.8,9.5
I,82,60,56,9.5
I,83,65,62.6,8.5
I,85,65,63.4,9.5
I,85,63,60.6,8.5
I,87,67,65.9,8.5
I,87,65,73.4,7.5
I,90,68,64.9,9.5
I,90,67,83.9,8.5
I,91,72,91.4,11.5
I,92,70,80,8.5
I,92,71,85.1,8.5
I,93,74,87.3,10.5
I,93,69,78.6,9.5
I,94,71,99.8,9.5
I,95,72,126.5,9.5
M,95,72,85.7,8.5
I,95,72,98.1,9.5
I,96,74,94.8,10.5
I,96,74,107.2,9.5
M,96,71,92.8,9.5
I,97,75,120.5,8.5
I,98,75,92.3,9.5
I,98,80,124.8,9.5
I,99,74,94.3,9.5
I,99,80,120.4,9.5
I,100,80,123.2,9.5
I,100,78,119.1,9.5
I,100,75,111.8,10.5
I,102,79,120.5,8.5
F,103,75,121.3,7.5
I,103,72,94.5,10.5
I,103,70,94.9,11.5
I,103,79,132.7,9.5
I,103,78,114.1,9.5
I,104,82,129.2,10.5
I,104,78,110.9,8.5
M,105,83,169,9.5
I,105,78,132.8,10.5
I,105,76,123,9.5
I,105,80,130.8,8.5
M,105,80,141.4,10.5
I,106,84,119.3,8.5
I,106,86,125.1,11.5
I,106,80,111,10.5
I,106,84,167.3,12.5
I,107,80,131.4,8.5
I,108,86,167.2,10.5
I,108,85,148.4,10.5
I,108,86,163.9,10.5
M,108,91,194.4,11.5
I,108,84,125.5,10.5
I,108,85,144.1,11.5
I,108,85,137.2,9.5
I,109,80,137.2,10.5
I,109,75,108.6,9.5
I,109,84,143.4,9.5
M,110,87,152.5,11.5
I,110,85,127.8,10.5
I,110,84,163.2,13.5
I,110,83,156.3,9.5
I,110,85,153.3,9.5
I,111,79,111.7,10.5
I,111,87,153,9.5
I,111,92,180.1,12.5
I,112,89,164.5,11.5
I,112,88,144.7,9.5
M,112,85,169.8,11.5
I,113,84,148.6,10.5
F,113,88,172.6,10.5
M,113,88,160.4,10.5
M,113,86,166.2,11.5
F,114,90,156.1,9.5
M,114,90,159,10.5
I,114,87,169.6,10.5
I,114,86,166.6,11.5
I,114,89,173.4,10.5
I,114,89,148.1,13.5
M,115,91,173.4,9.5
I,115,85,159.3,11.5
F,115,94,223.2,11.5
I,115,90,156,10.5
M,115,94,197,11.5
F,115,93,199.3,9.5
I,115,89,160.3,10.5
I,115,90,161.4,11.5
F,115,87,206.1,9.5
M,115,89,167.8,10.5
M,115,88,192.3,14.5
F,116,87,166.8,9.5
M,116,92,206.7,11.5
M,116,86,159.6,11.5
I,116,89,141.9,10.5
F,117,89,182.6,11.5
M,118,98,241.4,11.5
I,118,90,204.4,11.5
I,118,92,180.3,12.5
F,119,87,180,9.5
M,119,90,167.6,11.5
M,119,90,191.8,11.5
I,119,92,166.7,9.5
F,120,92,194.7,9.5
F,120,95,226,10.5
M,120,96,183.3,10.5
I,120,96,183.5,9.5
F,120,96,212.9,11.5
M,120,94,211.8,10.5
M,120,94,238.8,11.5
F,121,91,195.5,10.5
M,121,95,176.8,9.5
I,121,94,160.5,10.5
F,121,96,198.2,9.5
F,121,94,194.8,10.5
F,121,101,286.8,12.5
M,122,95,196.6,11.5
F,122,93,214.5,11.5
F,122,97,248.1,13.5
M,122,94,204.4,10.5
F,122,95,223.1,11.5
I,122,93,184.5,10.5
M,122,94,223.7,10.5
F,122,97,255.9,8.5
M,123,94,203.5,11.5
M,123,95,244.8,10.5
I,124,97,230.8,13.5
F,124,103,265.1,13.5
M,124,103,244.2,14.5
F,124,108,227.8,12.5
I,124,98,213.2,12.5
F,124,96,244.3,13.5
I,124,94,171.3,10.5
I,124,90,184.8,11.5
M,124,96,253.2,13.5
F,124,96,208.1,10.5
M,125,98,223.3,12.5
M,125,95,216.9,11.5
M,125,100,219.7,10.5
I,125,94,239.1,13.5
F,125,97,272.4,11.5
I,125,97,208.8,10.5
M,126,101,218.3,10.5
F,126,100,239.3,9.5
M,126,98,234.9,12.5
M,126,97,246.6,11.5
M,126,99,253.9,12.5
I,127,100,297.8,14.5
M,127,100,286.9,13.5
F,127,98,248.7,11.5
F,127,98,252.3,10.5
F,128,101,244.7,11.5
M,128,103,249.4,11.5
M,128,105,341.4,12.5
M,129,101,232.1,11.5
M,129,100,257.2,13.5
M,129,100,311.9,15.5
M,129,102,294.9,10.5
M,129,102,245.2,11.5
M,129,102,266,10.5
F,129,102,248.3,10.5
M,129,100,267.5,11.5
F,129,102,272.6,11.5
M,129,97,244.3,10.5
F,129,96,274.2,13.5
F,130,99,267.4,10.5
M,130,101,254.8,12.5
M,130,105,297.6,12.5
M,130,102,276.7,10.5
M,131,110,254.8,11.5
F,131,102,208.6,10.5
F,131,101,269.7,13.5
F,131,101,288.1,12.5
M,132,100,263.9,10.5
F,132,107,303.5,13.5
M,132,106,310.1,11.5
M,132,102,327.5,15.5
M,133,105,288.6,12.5
M,133,101,257.8,12.5
F,133,101,258.3,12.5
M,133,104,274.5,13.5
M,133,100,259.5,10.5
M,134,101,251.7,13.5
M,134,104,278,12.5
F,134,104,264,14.5
F,134,110,313.2,11.5
F,134,108,323.8,12.5
M,135,105,256.7,14.5
F,135,102,276.4,11.5
M,136,104,290.7,11.5
F,136,102,321.5,12.5
M,137,104,274.7,12.5
F,137,113,327.6,12.5
F,138,110,313.8,13.5
M,140,113,371.3,11.5
F,140,107,354.6,16.5
F,141,109,316,12.5
M,142,115,401.8,12.5
F,142,114,396.1,13.5
F,142,108,316.1,11.5
M,142,112,403,12.5
M,144,114,365.5,11.5
M,144,110,425,14.5
F,144,105,289,8.5
F,145,113,428.5,15.5
F,146,112,388.5,12.5
M,147,118,349.4,12.5
F,148,113,423.8,13.5
F,150,113,387.6,12.5
M,150,119,444.1,13.5
M,154,124,503.1,13.5
M,155,126,555.9,13.5
I,55,35,46.3,6.5
I,75,49,78.8,7.5
F,75,54,119.4,8.5
M,78,56,112.8,8.5
I,87,60,119.3,9.5
M,89,64,82.8,8.5
I,91,67,84.4,7.5
I,91,65,164,9.5
I,91,69,86.8,9.5
I,93,65,152.3,11.5
M,93,72,115.9,8.5
I,97,73,104.1,9.5
M,97,74,193.6,10.5
I,97,69,173.8,10.5
F,98,71,175.9,9.5
M,100,74,212.3,10.5
M,103,70,184.5,10.5
M,103,79,201.4,9.5
M,105,73,192.1,11.5
M,105,76,130,8.5
M,106,82,150.9,9.5
F,107,85,154.2,9.5
I,107,77,216.7,9.5
I,109,84,178.7,9.5
F,109,83,271.6,11.5
F,109,77,223.7,10.5
F,110,76,241,11.5
M,110,84,268.1,11.5
M,114,91,204,10.5
M,115,88,205,11.5
I,115,90,162.9,11.5
F,116,86,296,11.5
M,117,91,190.6,11.5
I,117,90,178.3,9.5
M,120,99,260.1,12.5
M,120,93,207.6,10.5
M,121,95,250.5,10.5
M,121,95,230,11.5
F,122,95,222.7,12.5
F,123,91,223.1,11.5
M,124,94,217.3,11.5
M,125,99,250.8,10.5
M,125,98,233.8,12.5
M,127,99,234.4,12.5
F,127,95,236.9,11.5
F,128,95,214.5,9.5
M,129,100,276.3,10.5
M,130,105,322.5,12.5
M,130,97,347.9,11.5
F,131,104,309.5,10.5
M,131,109,284.9,11.5
F,133,103,268.1,12.5
F,135,106,289.3,11.5
F,137,107,316.9,10.5
F,139,110,335.8,11.5
M,139,106,345.2,12.5
F,141,109,307.9,14.5
F,144,110,414.6,10.5
M,144,112,317.3,12.5
M,146,115,413.8,12.5
I,37,27,5.4,6.5
I,48,36,11.1,5.5
I,62,43,25.5,8.5
I,68,52,37.7,7.5
I,70,53,40,8.5
I,73,54,39.4,7.5
I,73,55,44.6,8.5
I,73,54,44.3,7.5
I,78,62,53.3,9.5
I,81,60,53.8,7.5
I,82,63,56.1,8.5
I,82,67,66.1,8.5
I,83,62,56.3,7.5
I,83,62,56.1,7.5
I,83,62,62.2,9.5
I,84,65,73.6,12.5
I,86,68,68.1,9.5
I,87,67,64.9,8.5
I,87,66,76,8.5
I,87,66,67,9.5
I,87,69,64.3,8.5
I,89,66,71.6,9.5
I,93,74,89,8.5
I,94,75,97.4,9.5
I,95,68,90.7,10.5
I,97,77,113.6,8.5
I,97,72,103.1,9.5
I,97,74,91.4,10.5
I,99,76,101.9,9.5
I,99,76,100,9.5
I,99,75,98.8,9.5
I,100,76,112.1,10.5
I,101,81,119.8,12.5
I,101,80,140.9,9.5
F,102,80,140.1,11.5
I,103,83,142.5,11.5
I,103,84,134.5,11.5
M,103,77,115.7,9.5
I,104,82,103.7,9.5
I,104,83,127.5,10.5
I,104,79,116.1,10.5
I,104,76,132.9,8.5
I,104,77,116.2,11.5
I,105,83,119.2,10.5
I,105,81,139.3,9.5
I,105,80,121.9,10.5
I,106,86,135.4,9.5
I,106,86,144.9,10.5
I,106,79,115,10.5
I,106,81,126.4,10.5
I,107,91,200.3,10.5
F,108,85,189.1,10.5
I,108,79,131.1,10.5
I,108,78,125.1,9.5
I,109,85,162.9,11.5
I,109,86,137.4,10.5
I,110,87,159.9,11.5
I,110,90,160.8,7.5
M,111,87,149.9,9.5
M,111,82,119.8,9.5
M,111,80,141.5,8.5
I,111,90,147.6,10.5
M,111,91,167.4,10.5
I,112,89,166.4,10.5
F,113,89,166.1,12.5
M,113,83,133.4,8.5
M,113,91,187.1,12.5
I,113,87,168.9,10.5
M,113,90,179,10.5
I,113,92,174.3,11.5
M,114,92,200.1,12.5
M,114,91,166.4,12.5
M,114,88,188.3,10.5
M,114,83,176,14.5
F,114,88,160.6,10.5
M,115,90,157,10.5
M,115,90,195.3,10.5
M,115,87,198.4,11.5
M,115,91,202.6,12.5
M,115,89,175.2,11.5
F,115,93,219.8,10.5
I,115,90,174.3,11.5
I,115,90,164.9,12.5
F,115,86,159.1,10.5
M,115,95,171.4,10.5
F,116,90,165.3,10.5
F,116,100,185,11.5
M,116,88,209.3,11.5
I,116,88,158.1,11.5
M,116,88,165.9,10.5
M,119,91,177.2,11.5
F,120,94,194,12.5
M,120,92,236.1,12.5
M,120,95,198,11.5
F,120,93,226.6,12.5
I,121,98,214.2,11.5
F,121,91,172.4,10.5
M,121,94,223.1,11.5
M,122,96,206.2,9.5
F,122,92,223.7,11.5
F,122,92,191.4,9.5
F,122,94,235.7,12.5
M,123,94,205.7,12.5
M,123,94,217.5,10.5
F,123,99,251,13.5
M,123,99,243.8,11.5
M,124,98,207,12.5
M,124,98,239,10.5
F,124,99,212.4,12.5
M,124,99,302.9,16.5
M,124,94,261.8,10.5
M,124,97,205.9,13.5
M,125,99,209.7,12.5
M,125,103,266.2,10.5
M,125,101,231.3,11.5
F,125,89,218,12.5
F,125,104,270.8,12.5
F,125,94,196.8,12.5
M,126,98,250.5,10.5
F,127,97,253.9,12.5
F,127,104,268.1,12.5
F,127,101,257.9,12.5
M,127,105,239,13.5
M,127,100,254.6,13.5
M,127,103,245.8,11.5
M,128,106,237.9,12.5
F,128,96,222.9,11.5
F,128,103,262.3,11.5
I,128,98,220,11.5
M,128,98,225.7,10.5
F,128,97,283.9,12.5
F,129,102,323.9,13.5
M,129,98,264,12.5
F,129,104,310.7,17.5
I,130,104,247.6,11.5
F,130,102,237.8,14.5
F,130,102,275,11.5
F,131,103,282.4,12.5
F,131,105,269.6,11.5
M,131,104,228.9,10.5
F,132,107,288.3,11.5
M,132,102,243.6,12.5
F,133,100,249.5,11.5
M,133,103,253.9,13.5
M,133,105,285.8,13.5
F,134,106,280.3,13.5
M,135,103,262.4,12.5
F,135,102,294.6,12.5
M,136,108,324.6,13.5
M,136,108,306.8,11.5
M,137,107,276.9,11.5
M,138,110,338.3,12.5
M,139,109,314.3,14.5
F,140,115,354.6,14.5
M,140,110,288.1,13.5
M,140,110,324.9,14.5
F,141,107,373.2,11.5
F,144,115,334.1,13.5
M,144,113,416.2,12.5
F,145,114,323.9,12.5
F,150,110,366.5,12.5
M,152,121,434.6,14.5
I,27,26,5.8,5.5
I,32,22,3.9,5.5
I,42,30,9.3,6.5
I,56,42,23.9,7.5
I,56,40,17.9,8.5
I,57,43,18.7,7.5
I,58,42,22.3,6.5
I,58,42,23.9,7.5
I,58,42,19.4,7.5
I,64,48,26.6,7.5
I,65,50,34.9,8.5
I,67,50,33.9,7.5
I,70,47,34,8.5
I,70,50,32.1,7.5
I,71,54,54.2,10.5
I,72,54,43.7,7.5
I,72,54,39.2,8.5
I,75,56,45.2,7.5
I,75,55,44,8.5
I,79,58,60,8.5
I,81,50,57.5,8.5
I,83,65,63.2,9.5
I,85,63,73.5,8.5
I,86,64,73.5,9.5
I,87,65,69.2,8.5
M,90,66,99.1,9.5
I,92,70,93.5,8.5
M,94,73,104.4,11.5
I,94,75,88.2,11.5
I,95,73,103.7,9.5
M,101,78,130.6,10.5
M,101,79,118.3,13.5
M,101,77,96.5,11.5
I,102,91,137.1,10.5
M,103,80,126.7,10.5
M,105,82,137.5,10.5
F,106,86,148.2,10.5
F,106,81,127.1,10.5
M,109,88,167.9,12.5
F,110,94,184.1,11.5
F,112,82,164.3,10.5
M,113,89,185.1,10.5
F,114,87,165.9,11.5
M,116,92,212.6,10.5
M,118,93,223,11.5
F,120,90,167.4,11.5
M,121,89,196.4,13.5
M,122,98,222.4,11.5
F,125,103,269.7,15.5
M,132,103,313.1,10.5
I,51,38,17.2,6.5
I,54,39,21.3,6.5
I,56,43,26.4,6.5
I,57,43,21.5,7.5
I,64,51,34.9,9.5
I,65,48,30.4,9.5
I,77,56,55.1,9.5
I,79,59,58.6,8.5
F,80,61,73.6,8.5
I,81,62,62.4,9.5
I,83,61,67.2,8.5
I,84,63,71,7.5
I,88,61,75.8,10.5
I,89,64,75.6,9.5
M,90,70,93.1,9.5
F,91,71,118.8,9.5
M,92,69,98.7,9.5
M,92,69,91.9,8.5
M,93,72,99.1,8.5
I,93,71,86.5,10.5
F,95,76,137.8,8.5
I,96,70,109.3,9.5
M,97,78,123.4,9.5
I,98,74,107.6,9.5
M,100,78,156.3,10.5
F,100,76,127.1,9.5
M,101,77,128.7,8.5
M,105,77,102.3,9.5
M,107,84,147.6,9.5
F,107,84,139.8,9.5
F,108,77,153.1,11.5
F,108,84,150.1,10.5
F,109,86,168.8,10.5
M,110,82,174.1,10.5
I,110,84,133.6,12.5
F,113,88,166,10.5
M,116,90,173.7,9.5
F,116,87,167.8,8.5
F,117,97,215.8,12.5
M,119,93,183.8,10.5
F,120,94,226.9,11.5
F,122,86,181.8,9.5
M,122,96,248.7,9.5
F,124,98,211.2,10.5
M,129,99,241.9,10.5
M,130,100,247.6,9.5
F,133,105,328.8,11.5
M,137,110,354.5,12.5
F,138,108,250.5,13.5
F,141,114,352.2,11.5
F,142,100,263.3,11.5
M,144,117,382.8,12.5
F,144,115,420,13.5
F,146,111,337.9,11.5
M,155,114,406.4,18.5
F,101,78,132,9.5
M,106,85,149.1,11.5
F,101,77,123.2,12.5
I,81,61,56.5,8.5
M,83,60,67.1,8.5
M,100,78,130.2,12.5
M,85,66,72.2,8.5
M,94,70,95.5,9.5
F,80,62,69.3,11.5
I,74,58,50,11.5
M,100,76,132,20.5
I,82,62,63,10.5
M,75,58,55.2,10.5
F,98,77,107.9,12.5
M,117,96,208,11.5
M,119,91,208.2,15.5
F,135,110,337.7,16.5
M,133,107,436.7,28.5
M,124,98,242.1,14.5
I,65,50,33.2,6.5
I,91,71,90.4,10.5
M,105,81,143.7,9.5
I,77,58,46.4,8.5
I,26,19,2.1,5.5
I,36,26,5.5,4.5
I,62,45,28.9,7.5
F,75,58,56.4,8.5
F,96,76,121.6,9.5
I,91,74,86.6,10.5
M,85,65,65.9,8.5
I,95,72,91.1,10.5
F,87,70,91.7,12.5
F,58,42,55,7.5
M,77,59,67,8.5
M,94,75,85.3,9.5
F,100,80,115.3,11.5
I,80,62,25.4,8.5
M,124,102,230.1,13.5
M,119,94,178.3,13.5
M,117,91,194,10.5
M,64,48,36,7.5
F,104,82,139.7,11.5
M,88,70,91.7,10.5
F,88,66,80.1,9.5
M,113,85,142.9,13.5
F,112,85,186.4,10.5
F,118,91,193.2,11.5
F,114,93,199.9,17.5
M,136,106,299.2,15.5
F,90,72,101.3,11.5
I,64,48,34.7,8.5
I,92,70,78.9,10.5
M,94,74,93.3,11.5
M,91,70,80.2,10.5
F,83,65,69.1,10.5
M,93,70,104.1,12.5
M,92,75,98.7,13.5
M,83,62,64.9,9.5
M,54,39,21.2,8.5
M,89,71,88.3,11.5
F,149,117,393.2,19.5
F,80,60,60.5,9.5
I,56,40,24.5,6.5
M,110,88,175.8,11.5
M,116,92,245.5,17.5
M,122,100,254.3,13.5
M,124,99,361.2,18.5
M,112,84,161.7,15.5
F,128,102,278.1,13.5
M,138,110,369.3,20.5
F,143,113,439.9,18.5
F,142,113,363.4,12.5
F,110,94,179.4,10.5
M,75,61,64.9,6.5
F,122,90,227.2,10.5
I,76,56,54.7,7.5
F,74,55,48.1,6.5
M,67,47,30.9,7.5
I,33,23,2.9,5.5
M,57,42,23.7,8.5
I,38,26,5.9,7.5
I,43,30,7.7,6.5
M,119,93,159.8,11.5
F,129,100,236.9,14.5
M,115,90,185,13.5
F,114,90,219.6,21.5
F,116,90,214.2,15.5
F,119,96,195,16.5
F,119,94,256.6,15.5
F,125,84,211.9,22.5
M,107,84,183.9,17.5
M,110,86,185.9,14.5
M,99,80,161.7,7.5
I,64,47,29.7,7.5
M,89,68,89.5,10.5
F,104,80,137.3,10.5
M,99,77,126.7,15.5
M,94,74,109.4,13.5
F,98,74,117,11.5
M,116,94,185.4,12.5
M,129,99,298.7,16.5
F,115,97,208.1,15.5
I,43,34,12.1,7.5
I,86,65,73.5,14.5
I,52,43,19.8,6.5
I,74,56,46.6,12.5
I,81,61,72.5,11.5
I,54,38,16.2,7.5
F,136,110,319.2,22.5
F,130,103,280.1,14.5
F,129,98,281.2,26.5
M,114,81,184.9,20.5
M,123,96,272,19.5
M,84,69,86,8.5
I,55,44,27.3,7.5
F,58,45,28,6.5
M,84,68,84.3,9.5
F,125,105,315.3,17.5
F,110,93,242.5,28.5
M,132,101,326.1,19.5
M,113,94,228.4,18.5
F,119,99,273.2,14.5
M,126,102,307.8,18.5
F,86,65,89,9.5
F,91,70,114.5,11.5
I,66,52,38,8.5
F,103,83,152.8,14.5
M,99,78,170.6,15.5
F,97,75,117.7,14.5
F,107,92,157.5,9.5
M,116,93,207,18.5
F,125,105,270.4,14.5
F,111,91,191.6,15.5
F,110,85,159.4,10.5
M,118,95,171.4,14.5
I,71,56,44.7,8.5
I,55,40,17.2,8.5
F,101,78,138.4,13.5
M,74,56,44.5,8.5
M,111,86,151.5,14.5
F,101,80,145.8,10.5
F,112,89,180.6,10.5
M,119,95,219.3,18.5
F,114,90,180.6,15.5
M,120,96,245.8,14.5
F,112,87,221.2,16.5
M,117,93,234.2,18.5
I,92,67,88.8,9.5
F,92,72,95.1,9.5
M,83,63,77.6,13.5
F,87,64,75.7,12.5
F,95,76,97.2,8.5
M,93,72,105.3,11.5
I,71,56,45.5,12.5
M,92,75,102.1,10.5
F,76,65,62.1,11.5
F,94,73,108.6,10.5
M,72,54,44.5,7.5
F,117,91,199.6,13.5
M,131,118,309.1,12.5
M,120,97,253.5,14.5
F,114,92,220,15.5
F,129,100,285.7,12.5
M,130,99,358.6,15.5
M,102,79,123.7,13.5
M,104,76,116.5,9.5
M,99,83,149.7,14.5
M,86,67,81.2,9.5
F,118,93,220.1,14.5
M,110,92,173.8,11.5
M,117,86,191,12.5
F,116,91,184.3,18.5
F,124,102,291.2,14.5
I,118,90,178.6,15.5
F,144,115,445.2,14.5
F,127,102,242.5,15.5
F,122,96,213.5,16.5
F,109,89,170.5,14.5
M,114,90,172.3,13.5
F,120,95,232.4,19.5
F,104,82,174.1,15.5
M,127,102,319.6,16.5
F,134,104,281.2,14.5
M,139,114,406.6,16.5
M,131,105,251.8,21.5
F,124,96,218.7,15.5
F,120,95,236.1,20.5
M,102,81,143.5,10.5
M,105,81,151.5,11.5
M,88,75,97.4,10.5
I,97,83,114.1,9.5
F,99,77,138.1,11.5
I,87,69,89.5,8.5
I,81,63,69.4,10.5
I,84,66,70.4,10.5
F,100,79,142.9,10.5
F,77,61,66.3,8.5
I,66,53,36,7.5
F,116,95,194.8,11.5
I,65,54,37,7.5
M,95,75,112.6,11.5
F,76,60,64.3,10.5
I,68,52,35.8,7.5
M,105,85,140.4,13.5
F,104,83,160.9,11.5
F,107,90,161.5,14.5
M,95,72,115.6,9.5
I,83,65,77,8.5
I,99,77,117,9.5
F,96,81,127.5,11.5
F,104,85,162.6,11.5
M,92,75,114.7,10.5
F,116,91,188,12.5
M,118,98,201.6,12.5
F,110,83,155,24.5
F,130,100,228.9,13.5
F,93,75,120,17.5
M,91,71,103,12.5
M,94,75,115.9,14.5
F,87,70,76.8,14.5
M,70,53,59.3,8.5
I,63,48,27.4,9.5
M,119,94,198.2,17.5
F,116,95,185,15.5
M,115,87,161,18.5
M,107,87,178.3,14.5
M,103,84,153.8,14.5
F,101,77,123.7,13.5
F,101,79,130.3,16.5
I,80,62,57.5,11.5
M,98,79,110.9,15.5
M,106,87,147.3,13.5
I,79,65,61.2,9.5
F,133,107,299.2,18.5
F,83,61,72.1,11.5
M,86,69,60.9,12.5
M,95,79,118.4,14.5
F,105,85,159.9,16.5
I,96,78,116.5,16.5
I,84,69,68.7,10.5
M,118,92,181.2,16.5
F,103,84,125.9,10.5
M,139,110,310.3,14.5
F,160,126,505.2,24.5
M,122,98,220.6,24.5
F,113,96,191.4,19.5
M,112,91,172,12.5
M,131,97,324,18.5
M,128,104,281.4,18.5
F,118,94,180,12.5
I,62,48,29.1,8.5
I,51,37,15,7.5
I,34,25,4.7,7.5
M,134,110,249.4,22.5
F,142,113,345.3,18.5
F,112,86,160.5,14.5
M,101,80,152.8,12.5
M,105,86,172.9,17.5
F,90,72,94.3,10.5
F,103,87,126.2,13.5
M,118,95,189.1,20.5
M,140,106,263.7,19.5
F,144,112,345.3,18.5
M,127,99,216.2,12.5
M,111,88,180.5,14.5
M,115,94,228.3,14.5
M,117,91,205.4,18.5
F,122,97,268.9,21.5
F,129,105,289.8,14.5
F,109,88,154.9,12.5
M,110,90,157.9,13.5
F,132,105,273.3,19.5
M,114,95,205.9,19.5
F,120,94,206.2,16.5
F,126,101,213,13.5
M,139,114,377,20.5
M,130,109,248.5,16.5
F,144,119,393.8,17.5
I,112,88,188.9,13.5
I,84,65,70.8,9.5
M,36,25,4.6,4.5
F,81,65,71.5,13.5
F,100,81,119.3,13.5
I,87,67,76.6,13.5
M,68,55,41.3,11.5
F,86,68,76.4,9.5
I,107,82,126.3,13.5
I,83,65,65.7,13.5
F,72,53,43.3,11.5
M,35,27,6.1,6.5
M,31,23,4.8,6.5
I,105,86,147.3,12.5
F,105,78,120.1,17.5
F,88,69,85.7,12.5
F,90,69,99.2,13.5
F,97,73,123.9,15.5
I,94,70,113.4,12.5
I,103,75,130.1,11.5
M,84,68,89.9,12.5
F,91,70,89.7,17.5
M,74,58,48.2,11.5
M,66,50,39.4,11.5
I,60,44,28.5,8.5
I,125,92,247.9,15.5
I,122,95,207.7,15.5
I,125,93,194.4,15.5
I,127,101,266.3,18.5
I,100,77,152.4,15.5
F,106,86,155,18.5
I,89,66,87.4,14.5
F,117,83,139.7,13.5
I,88,71,87,17.5
M,58,45,25.9,11.5
I,111,91,168.7,16.5
I,131,103,250,16.5
F,116,92,203.4,11.5
I,125,86,282.2,13.5
I,124,97,241.6,16.5
F,128,100,214.1,9.5
F,101,75,117.9,11.5
I,100,79,107.4,10.5
M,62,49,30,8.5
F,101,76,130.2,13.5
I,84,61,56,10.5
M,80,63,57.4,11.5
M,85,63,70.5,19.5
M,62,47,24,12.5
F,93,70,98.8,19.5
F,93,72,95.3,11.5
M,70,51,42.9,14.5
I,104,83,119,16.5
F,95,73,96.1,13.5
F,82,63,64.2,11.5
M,52,40,19.2,7.5
I,115,90,186.3,14.5
I,113,87,156.4,15.5
M,52,38,18.9,7.5
F,106,77,133.9,11.5
M,68,51,42.6,10.5
I,104,76,105,12.5
F,127,100,262.4,19.5
F,122,97,217.4,12.5
F,132,103,304.6,17.5
I,127,100,263.8,17.5
F,93,76,115.8,15.5
M,103,80,163.5,24.5
I,67,48,34,10.5
F,103,80,159.2,17.5
F,69,51,39.4,10.5
M,93,71,105.1,14.5
M,108,83,175.8,11.5
M,95,71,92.5,10.5
F,89,67,91.3,12.5
M,100,71,105.6,10.5
M,100,76,116.7,13.5
F,110,87,176.8,15.5
I,55,41,19.2,7.5
F,70,53,37.1,8.5
F,74,57,54,10.5
F,84,66,92.6,11.5
M,70,52,39.6,11.5
M,79,61,56.4,10.5
I,65,40,19.9,9.5
I,55,40,18.4,6.5
I,47,34,12.5,7.5
I,50,36,14.6,6.5
I,50,37,14.2,6.5
I,40,29,7.2,5.5
F,117,94,219.8,21.5
M,89,70,118.1,15.5
F,100,77,153.6,14.5
M,88,65,82.6,9.5
M,103,81,170.1,18.5
F,104,81,138.3,12.5
M,100,78,141.8,12.5
M,85,65,75.1,10.5
M,102,83,163.7,17.5
F,74,55,45.4,9.5
M,108,83,164.9,14.5
M,123,95,236.5,12.5
M,113,88,224.4,21.5
M,129,103,322.3,15.5
F,123,94,259.7,15.5
M,121,98,260,15.5
F,118,91,232.2,13.5
M,129,97,297.8,19.5
M,114,84,201.6,14.5
F,94,71,88.2,9.5
F,100,88,148.4,15.5
F,104,85,140,14.5
M,78,57,54.2,9.5
M,104,80,171.3,13.5
F,108,83,179.5,15.5
M,92,72,122.1,15.5
I,71,52,38.5,9.5
F,98,80,132.7,14.5
F,126,102,247,12.5
M,100,77,152.3,15.5
M,98,78,118.4,16.5
M,88,65,78,8.5
F,103,79,151.3,11.5
F,95,76,114,12.5
I,84,62,57.3,9.5
M,80,61,58.7,10.5
M,90,72,113.4,13.5
F,104,80,124.9,16.5
M,101,80,168.3,13.5
M,99,80,155.5,16.5
M,108,82,197.8,20.5
F,96,78,138.1,13.5
F,66,52,40,10.5
I,57,42,21.8,6.5
I,60,46,25.4,7.5
I,62,48,57.7,7.5
I,68,51,36,7.5
I,75,60,28.8,8.5
I,83,65,93.3,8.5
I,83,63,66,7.5
I,83,63,72.5,7.5
I,84,64,68,9.5
I,85,62,73,7.5
M,93,75,100,9.5
F,93,70,125.3,9.5
I,94,74,111.1,9.5
F,94,75,120.3,9.5
I,95,73,106,11.5
M,96,74,126.3,8.5
M,100,80,154.3,9.5
I,101,78,122.5,8.5
M,105,85,174.4,10.5
M,108,84,162.3,10.5
M,109,90,175.9,12.5
F,113,88,196.6,10.5
M,116,92,229,12.5
M,118,91,218,10.5
M,118,96,252.4,10.5
M,119,98,237,11.5
F,120,95,288.1,10.5
F,120,100,266.4,9.5
F,120,97,228.1,10.5
M,121,95,240.2,11.5
F,125,98,266,11.5
M,126,100,272.4,11.5
M,128,117,329.4,13.5
F,128,100,299.9,12.5
F,131,109,324.5,13.5
I,132,105,357.2,12.5
M,132,107,358.2,16.5
F,135,111,385,14.5
F,135,110,337.8,14.5
F,138,110,331.8,10.5
F,139,106,409.5,15.5
F,140,105,320.3,11.5
F,146,114,403.3,11.5
I,41,30,8,5.5
I,45,34,11.3,5.5
I,46,36,12.8,6.5
I,55,39,17.5,5.5
I,56,42,21.2,6.5
I,56,44,26.3,6.5
I,59,44,25.2,7.5
I,62,45,31,7.5
I,63,47,29.8,8.5
I,68,53,37,8.5
I,74,58,50.9,7.5
I,76,57,47.4,7.5
I,78,59,55.8,8.5
I,81,62,64.1,7.5
I,83,65,66.7,8.5
I,88,67,77.7,8.5
I,88,69,109,7.5
I,88,65,83.3,7.5
I,88,71,99,8.5
I,90,70,95.5,7.5
I,90,70,93.6,9.5
F,91,70,91.1,8.5
F,92,70,92,7.5
I,92,69,83.1,8.5
I,92,69,84.3,7.5
I,93,71,94.8,8.5
M,93,68,97.2,10.5
I,95,77,114.7,8.5
I,95,71,93.6,9.5
M,96,74,102.7,9.5
M,100,75,124.3,8.5
I,100,76,98.8,8.5
I,101,77,120.1,8.5
M,103,79,129.2,10.5
M,105,83,158.9,8.5
M,105,85,162.4,9.5
F,106,84,165.6,7.5
M,106,82,136.2,7.5
F,106,81,177.8,9.5
M,108,87,146.9,10.5
F,110,85,192.8,9.5
F,111,85,192.6,8.5
F,114,89,199,10.5
F,114,87,171.7,9.5
M,115,90,189.6,8.5
F,116,89,177.6,9.5
F,117,90,180.9,9.5
M,118,93,209.2,8.5
F,119,94,235.5,10.5
F,119,93,215.3,10.5
F,119,93,205.1,12.5
F,120,92,186.5,9.5
F,120,92,247,9.5
M,120,92,249.4,10.5
M,122,96,229.9,9.5
F,123,97,231.5,11.5
F,123,100,265.4,11.5
M,123,94,240,9.5
F,124,102,254.1,10.5
F,124,97,243.1,11.5
F,124,95,264.9,10.5
M,125,96,271.1,11.5
F,125,98,225.4,10.5
F,125,98,221.5,9.5
F,126,99,285.1,12.5
F,126,99,229.4,10.5
M,126,96,257.2,9.5
F,127,99,319.2,12.5
F,127,99,259.4,12.5
M,129,98,250.2,10.5
M,129,100,302.1,13.5
F,130,100,288.3,10.5
M,134,104,327.7,10.5
F,138,109,386.6,14.5
M,138,108,342,9.5
F,139,110,369.9,11.5
M,139,105,348.4,13.5
F,140,115,359.5,14.5
F,141,112,476.2,11.5
M,153,117,479.6,13.5
M,154,120,438.9,11.5
I,44,32,9.8,5.5
I,55,41,21.1,6.5
I,58,42,20.9,6.5
I,66,48,32.6,7.5
I,71,57,45.5,7.5
I,75,58,43.8,7.5
I,83,63,72.9,9.5
I,85,66,65.3,7.5
I,85,68,70.3,8.5
I,86,64,69.3,8.5
I,88,68,81.4,8.5
I,88,67,84.3,8.5
I,92,69,75.1,8.5
I,92,74,106.7,7.5
I,93,71,88.4,8.5
I,95,73,26.3,8.5
I,95,75,104.1,8.5
I,97,75,110.7,9.5
I,98,75,108.9,9.5
M,98,76,110.8,9.5
I,99,76,102.4,8.5
I,100,78,116.6,9.5
M,100,76,115.3,10.5
M,101,80,144.6,8.5
I,102,79,107.9,9.5
I,102,77,125,9.5
I,103,80,118.5,10.5
I,104,79,126.6,10.5
F,109,86,166.4,10.5
M,109,84,155.6,8.5
M,109,84,157.3,8.5
F,109,80,155.6,10.5
I,110,84,127.2,9.5
F,110,88,168.7,9.5
I,111,85,129.6,9.5
M,113,86,156.8,10.5
F,114,90,181.6,10.5
M,114,90,204,10.5
F,114,86,162.2,10.5
F,115,96,179.4,9.5
M,116,91,170.4,9.5
F,117,90,187.6,8.5
F,117,87,139.1,9.5
M,118,94,172.2,9.5
M,118,92,200.8,10.5
F,118,92,202.3,9.5
F,119,93,220.1,9.5
M,119,94,221.6,10.5
M,119,92,170.4,10.5
M,120,98,397.5,11.5
F,121,96,215.8,11.5
F,123,95,211,10.5
M,123,90,239.6,8.5
F,123,94,216.8,10.5
M,123,95,220.6,11.5
M,124,98,220,10.5
M,124,96,220.3,11.5
M,125,99,276.7,12.5
F,125,98,223,10.5
M,125,96,217,11.5
M,126,101,263.3,12.5
M,126,102,268.3,11.5
M,126,93,205.4,9.5
M,129,103,236.9,10.5
M,129,96,238.4,10.5
F,129,104,257,10.5
M,130,103,236.1,10.5
M,130,104,253.1,10.5
F,130,107,257.9,11.5
M,130,102,281.4,10.5
F,130,98,224.4,10.5
M,132,103,289.3,11.5
F,133,101,269.8,10.5
M,134,100,253.8,12.5
M,134,102,336,14.5
F,135,110,310.2,14.5
M,136,104,295.5,12.5
M,136,106,305.8,12.5
M,140,105,351.7,11.5
M,140,110,304.6,14.5
F,145,106,346.3,12.5
M,145,110,302,10.5
M,147,114,376,12.5
F,148,115,402.4,13.5
M,150,111,440.2,12.5
I,38,28,6.3,4.5
I,42,30,8,5.5
I,50,35,12.7,5.5
I,58,43,19.7,6.5
I,67,50,33.4,7.5
I,68,49,40.3,7.5
I,69,51,36.6,7.5
I,71,51,37.4,8.5
I,72,52,35.9,6.5
I,74,55,41.3,8.5
I,75,58,60,9.5
I,75,55,45.9,8.5
I,77,60,68.6,8.5
I,77,57,48.8,9.5
I,79,64,61.5,9.5
I,80,61,68.3,8.5
I,81,61,54.2,8.5
I,81,62,182,9.5
I,81,61,53.6,8.5
I,81,60,57.7,7.5
I,82,63,60,9.5
I,82,65,65.2,9.5
I,83,67,71.6,8.5
I,84,65,62.8,9.5
I,84,63,80.5,9.5
I,86,68,72.9,8.5
I,89,72,84.7,10.5
M,90,65,86.1,9.5
I,90,67,70.1,8.5
I,91,68,97.2,9.5
I,92,70,94.2,9.5
I,92,69,83,9.5
I,95,71,103.9,8.5
M,96,75,117.9,12.5
I,97,76,104.3,9.5
I,97,73,89.5,9.5
I,98,73,111.7,11.5
I,101,77,119.2,10.5
I,101,76,107.7,10.5
I,102,77,153.3,9.5
F,103,79,103.2,10.5
M,103,82,147.1,8.5
I,103,78,106.2,9.5
I,105,77,121.4,9.5
F,105,83,141.1,11.5
I,105,80,128.9,9.5
I,105,75,126.3,10.5
M,107,86,156.9,11.5
F,109,88,189.5,9.5
I,110,86,142.4,11.5
I,110,85,178,11.5
I,110,84,182.4,10.5
I,110,85,131.2,11.5
I,110,93,187.2,10.5
I,111,87,139.5,12.5
F,111,89,229.3,9.5
I,112,88,165,11.5
I,112,87,144,12.5
I,113,86,164.3,12.5
F,114,89,203.4,11.5
F,115,87,179.5,10.5
M,116,88,245.1,11.5
F,116,93,197.3,12.5
F,116,85,168.8,10.5
I,117,92,169.3,11.5
M,117,93,177,11.5
I,117,84,134.7,10.5
F,117,91,175.1,9.5
M,118,94,184.7,10.5
M,118,95,195.4,11.5
M,119,95,206.1,11.5
M,120,96,210,9.5
M,120,99,222.9,12.5
M,120,90,175.4,10.5
M,120,102,257,10.5
M,122,96,261.3,11.5
F,122,90,174.5,12.5
F,123,92,205.3,11.5
F,124,93,232.1,10.5
F,124,96,202.5,11.5
M,125,100,219.2,11.5
M,125,98,241,11.5
M,126,101,244.2,13.5
F,126,95,200.1,11.5
M,126,94,227.1,13.5
M,126,105,262.7,11.5
M,128,101,239.1,12.5
M,128,97,219.6,11.5
M,128,99,227.8,11.5
F,128,99,245.3,12.5
M,128,103,208.4,11.5
M,130,104,273.6,10.5
M,130,102,289.2,13.5
F,132,101,280.9,10.5
F,132,105,292.6,12.5
F,135,105,342.2,10.5
M,140,108,348,14.5
F,141,108,351.4,10.5
M,142,113,320.2,12.5
M,144,110,433,11.5
M,145,114,466.1,10.5
I,48,34,10.9,6.5
I,51,39,14.5,5.5
I,55,40,18.5,5.5
I,64,47,36.6,8.5
I,65,48,30.5,7.5
I,66,45,37.4,8.5
I,72,54,46.4,9.5
I,75,53,39.2,6.5
I,75,57,50.9,7.5
I,78,58,52.5,8.5
I,90,67,72.4,8.5
I,91,70,88.9,8.5
I,92,73,102.2,8.5
I,99,75,117.8,9.5
M,100,73,118.9,10.5
I,100,75,105.8,9.5
M,104,80,174.4,10.5
I,104,79,154,8.5
F,105,86,168.7,10.5
M,107,81,163.6,8.5
F,108,84,160.7,10.5
F,108,83,162.3,10.5
F,114,85,156.4,9.5
M,114,84,174.9,9.5
M,116,89,196.8,10.5
F,116,89,190,9.5
M,118,94,234.7,10.5
F,118,91,195.2,11.5
M,118,97,215.7,10.5
M,119,87,211.4,10.5
M,120,95,222,10.5
M,120,90,228.4,11.5
M,121,95,225.1,11.5
F,124,96,220.9,11.5
M,125,95,268.1,11.5
M,125,100,216.4,9.5
F,125,97,250.8,10.5
M,126,98,240.1,11.5
M,126,97,248.6,11.5
F,127,102,257.2,13.5
F,129,98,233.3,10.5
F,129,98,228.8,9.5
F,130,105,277,12.5
F,131,103,261.8,12.5
F,131,103,305.4,12.5
M,133,103,327.7,12.5
M,139,108,338.2,12.5
F,144,113,343.8,12.5
F,144,110,304,11.5
F,144,113,322.6,13.5
M,147,114,447.1,11.5
M,148,119,464.7,12.5
I,62,46,24.9,7.5
I,63,47,25.7,5.5
I,64,41,36.2,6.5
I,65,50,31.7,7.5
I,67,52,39.3,8.5
I,74,56,39.6,6.5
I,74,54,37.1,8.5
I,75,56,42.9,8.5
I,80,63,64.9,9.5
I,82,61,52.5,7.5
I,85,68,74.2,9.5
I,87,67,59.6,8.5
I,89,62,67.2,8.5
I,92,72,89.4,10.5
F,93,70,81.7,9.5
I,94,77,117.4,9.5
I,95,75,98.8,9.5
I,99,75,122.8,9.5
I,100,78,101.5,10.5
I,100,74,108.9,9.5
I,101,85,122.3,10.5
I,101,80,112.1,9.5
M,101,73,104.2,9.5
I,102,80,115.5,10.5
I,102,80,118.7,9.5
I,104,80,119.4,9.5
M,104,93,190.1,9.5
I,106,76,123.2,9.5
M,106,81,166.3,11.5
F,107,89,174.5,9.5
I,108,85,163.1,12.5
I,108,83,123.8,11.5
I,109,86,151.9,9.5
I,109,86,148.4,11.5
I,110,87,160.8,9.5
I,110,85,132.8,9.5
F,110,87,149,10.5
I,112,86,145.6,9.5
I,112,87,155.4,10.5
F,115,85,175.3,9.5
I,115,91,197.9,10.5
M,115,90,193.1,9.5
M,116,93,181.3,9.5
M,116,92,209.8,11.5
F,116,90,194.1,10.5
F,116,90,184,10.5
M,116,89,190.5,12.5
F,116,88,157.1,12.5
I,117,90,171,10.5
M,118,100,228.4,10.5
I,118,92,151,10.5
I,118,95,194.9,11.5
M,119,94,240.3,11.5
M,119,92,225.9,11.5
I,120,89,184.1,10.5
F,120,96,211.2,11.5
M,120,90,268,11.5
F,120,90,192.5,10.5
M,120,93,209.5,12.5
F,121,99,218.3,14.5
M,121,98,233.4,10.5
I,121,96,199.9,11.5
I,122,85,209.7,12.5
F,122,94,254.7,13.5
M,122,96,212.5,12.5
I,122,98,230.9,12.5
F,123,95,238.8,12.5
F,123,103,224.3,10.5
M,123,91,186.7,11.5
F,123,99,239.6,11.5
F,124,95,190.9,10.5
M,124,95,271.7,11.5
M,125,99,241.5,12.5
M,125,103,243.4,11.5
F,125,100,243.4,12.5
F,125,98,184,11.5
M,125,98,175.3,11.5
F,126,96,252.3,11.5
M,126,106,255.9,10.5
F,126,97,233.4,11.5
M,126,102,237.7,8.5
F,127,97,275.3,12.5
M,127,104,258.4,12.5
M,127,97,235.9,11.5
F,127,100,258,9.5
M,127,103,241.5,12.5
M,128,101,259.4,12.5
M,128,115,291.7,12.5
F,129,97,230.2,13.5
F,129,104,239.4,12.5
M,129,99,307.8,13.5
M,130,104,335.2,16.5
F,130,113,332.9,13.5
F,131,100,305.6,12.5
F,131,103,298.8,13.5
F,132,105,255.4,14.5
F,132,105,319.3,11.5
F,133,102,276.1,11.5
I,134,97,251.3,10.5
F,134,105,305.4,13.5
M,134,105,280.1,10.5
M,134,105,288.1,10.5
M,134,108,296.4,11.5
M,136,103,246.9,12.5
F,136,101,268.7,13.5
M,137,101,306.6,11.5
M,138,103,368.9,14.5
M,143,110,365,12.5
M,144,116,417.7,14.5
M,147,118,417.4,13.5
M,149,115,376.8,13.5
I,64,43,61,7.5
I,86,69,85.9,9.5
I,86,66,89.8,7.5
M,97,73,205.8,9.5
M,98,71,196.2,9.5
I,100,74,114.9,8.5
F,101,76,138.6,9.5
F,102,74,236.6,10.5
F,105,82,158.1,9.5
F,107,80,244.8,11.5
I,107,80,155,9.5
M,107,81,254.1,14.5
M,111,81,281.2,11.5
M,111,85,174.6,10.5
M,112,85,188.3,10.5
F,118,88,201.4,10.5
M,119,97,216.7,9.5
I,119,86,196.9,9.5
F,119,86,304.9,12.5
M,122,95,204.8,10.5
M,122,97,256.2,10.5
F,124,100,229.6,11.5
F,125,98,227.2,10.5
F,127,102,244.7,10.5
F,127,105,273.9,12.5
M,128,97,201.2,10.5
M,128,99,261.4,12.5
M,129,101,292.6,11.5
F,131,101,258.1,11.5
F,134,103,285.3,12.5
M,136,108,357.7,14.5
M,140,109,322.7,12.5
M,146,117,446.1,15.5
F,150,123,452.7,13.5
I,51,37,14.8,5.5
I,75,52,41.5,7.5
I,75,57,47.4,9.5
I,78,60,53.3,8.5
I,78,56,43,9.5
I,79,60,50.6,7.5
I,84,64,61.8,7.5
I,87,67,70.7,8.5
I,87,65,67,9.5
I,88,64,77.5,10.5
I,90,66,73,9.5
I,90,68,80.9,9.5
I,91,71,74.4,10.5
I,92,74,79.3,9.5
I,94,75,104.5,9.5
I,95,75,91.2,10.5
I,99,66,88,8.5
I,99,75,101.4,9.5
I,100,76,105.7,9.5
I,103,77,114.4,8.5
I,104,82,132.5,12.5
I,104,79,128.9,12.5
I,105,80,125.5,9.5
I,107,84,137.7,10.5
M,107,82,136.7,9.5
M,108,84,137.1,11.5
I,110,81,135.1,11.5
I,110,89,156.6,12.5
M,112,90,178.8,10.5
I,113,88,153.6,10.5
M,114,90,190,11.5
F,114,94,174.2,11.5
M,115,94,195.7,10.5
I,115,86,148.5,9.5
M,115,89,147.4,11.5
I,115,89,183.5,10.5
F,116,87,175.7,11.5
M,117,90,225.5,12.5
M,118,87,195.3,10.5
I,118,94,194.8,9.5
M,118,81,170.6,10.5
M,119,94,198.2,13.5
M,119,96,182.5,10.5
F,119,92,184.2,10.5
F,120,90,173.8,12.5
M,120,90,173.3,13.5
F,122,99,217.8,12.5
M,123,97,192.3,12.5
M,123,98,229,14.5
I,124,95,181.4,12.5
F,125,103,232.7,12.5
M,126,103,239.1,12.5
M,126,99,262,11.5
F,127,101,250.2,12.5
F,127,98,229,10.5
M,127,100,230.8,10.5
F,128,97,226.7,12.5
F,128,100,240.3,10.5
M,130,101,311.9,12.5
M,130,102,263.3,13.5
M,131,108,280.6,12.5
F,131,98,240.8,10.5
F,131,91,257.9,12.5
F,132,106,303.5,11.5
M,133,105,271.5,11.5
M,135,104,272.9,12.5
F,136,104,298.8,12.5
F,136,112,332.8,12.5
M,137,102,309,11.5
F,139,107,317.1,12.5
F,140,111,333.2,12.5
M,142,112,344.8,14.5
F,146,110,381.6,15.5
F,151,115,414.6,12.5
I,45,34,10.3,5.5
I,46,34,11.4,6.5
I,51,37,18.5,7.5
I,71,54,40.8,8.5
I,85,62,61.5,8.5
I,85,64,52.4,9.5
M,91,70,91.6,9.5
M,92,71,98.2,11.5
M,99,76,94.8,11.5
M,102,79,116.1,12.5
F,104,86,145.6,12.5
M,105,80,124.4,10.5
M,106,83,141.2,10.5
F,106,79,113.7,10.5
M,109,87,187.7,12.5
F,110,86,131,9.5
M,115,96,189.3,10.5
M,116,86,182.3,11.5
M,119,91,188.4,12.5
M,120,93,238.6,9.5
M,129,100,292.2,12.5
M,132,105,297.8,11.5
I,58,43,22.3,6.5
I,60,44,24.7,6.5
I,74,55,56.3,6.5
I,75,57,45.2,8.5
I,76,58,45.7,8.5
I,79,60,59.9,9.5
I,82,65,72.2,9.5
I,83,64,60.9,8.5
I,85,65,79.5,8.5
I,88,68,75.8,8.5
I,88,68,99.9,7.5
M,93,81,155.5,11.5
F,94,72,94.1,9.5
M,102,83,150.2,9.5
F,105,80,142.8,11.5
F,105,80,139.9,10.5
F,110,85,190.4,8.5
M,112,84,175.1,9.5
M,115,90,184.3,10.5
F,115,90,165.7,11.5
M,117,92,241.2,11.5
M,123,99,257.3,12.5
F,124,97,238.9,10.5
F,126,99,233.1,11.5
F,126,98,243.1,11.5
M,134,103,234.7,12.5
M,135,101,306.4,12.5
F,137,106,302.1,11.5
F,97,78,111.3,10.5
M,92,72,109.4,9.5
M,92,70,103.3,10.5
M,107,84,152.8,12.5
M,93,72,97.6,11.5
M,102,80,138.1,11.5
I,67,52,36.7,12.5
M,110,85,194,21.5
I,36,27,6.6,6.5
I,43,33,11.8,6.5
I,40,30,9.2,5.5
F,125,96,264.7,10.5
M,110,84,169.3,14.5
M,117,90,209.4,15.5
F,129,100,255.7,14.5
F,142,106,374.9,13.5
F,140,108,395.6,25.5
F,131,101,273.4,11.5
F,133,100,348.4,22.5
F,94,75,102.6,12.5
M,85,67,81.7,10.5
M,108,82,112,8.5
M,101,79,127,10.5
M,107,88,175,11.5
F,86,70,79.4,10.5
M,110,87,161.2,10.5
F,68,51,40.8,7.5
I,55,40,23.3,8.5
F,67,44,34,7.5
M,128,98,238.8,16.5
F,110,88,153,10.5
F,128,95,230.2,14.5
F,109,82,135.3,10.5
F,128,108,314.2,19.5
M,121,98,230.6,16.5
M,121,94,222.8,16.5
M,112,90,182.5,11.5
F,114,93,174.4,15.5
M,105,81,158.4,14.5
F,101,81,121.2,12.5
M,70,53,45.3,7.5
M,90,71,79.1,10.5
I,102,81,122,12.5
F,98,76,107.8,13.5
F,101,82,131.4,16.5
M,76,60,50.1,9.5
I,54,39,20.4,9.5
F,74,59,53.7,8.5
M,100,77,110.2,12.5
M,129,101,261.4,11.5
M,113,88,183.7,12.5
F,134,109,341.4,14.5
F,118,83,176.1,12.5
F,94,72,99.3,7.5
F,102,77,126.4,9.5
M,144,115,453.9,17.5
M,110,81,184.7,8.5
I,40,29,6.9,6.5
M,130,103,266.3,14.5
F,105,81,144,15.5
M,113,87,206.4,21.5
F,122,94,203.4,13.5
F,109,81,196,19.5
I,65,49,29.9,6.5
I,62,47,30.3,8.5
M,90,67,95.6,12.5
F,98,76,115.6,10.5
F,101,81,136.7,11.5
F,77,60,54.5,7.5
F,124,97,302.2,18.5
F,127,101,260.7,18.5
F,133,106,279.1,16.5
M,67,53,39.5,10.5
I,59,43,23.2,9.5
I,96,76,104.6,16.5
I,64,50,31.3,10.5
I,86,68,76.8,15.5
M,113,90,201.1,13.5
F,120,96,226.9,11.5
F,117,92,216.7,15.5
F,111,84,173.6,14.5
F,114,99,218.3,15.5
F,124,97,254.2,12.5
M,126,102,299.7,17.5
M,85,68,77.6,11.5
F,128,101,247.1,15.5
M,135,105,280.4,17.5
M,100,80,120.5,12.5
M,77,61,55.5,10.5
M,104,87,194.6,19.5
M,104,83,150.6,9.5
M,128,105,275.3,17.5
I,88,70,75,10.5
F,84,64,82.7,11.5
F,90,70,112,14.5
I,84,65,78.3,10.5
F,128,101,255.3,13.5
M,114,91,192,12.5
M,82,65,74.9,13.5
M,97,82,139.2,14.5
F,122,96,259.1,13.5
F,118,97,246.3,14.5
M,133,107,276.6,15.5
I,69,57,44.5,9.5
M,127,102,231.2,19.5
M,139,106,295.4,15.5
F,138,108,314.3,16.5
M,111,87,171.6,16.5
M,130,105,299.9,15.5
M,127,96,293.4,16.5
F,131,102,218.4,15.5
F,138,111,363.3,20.5
F,139,110,327.3,14.5
M,110,87,181.2,14.5
F,122,99,242.6,16.5
M,119,100,212,12.5
M,60,48,32.2,7.5
F,87,70,91.8,10.5
I,91,75,106.6,9.5
M,96,76,123.5,13.5
I,86,70,73.2,7.5
F,87,70,83.9,8.5
I,60,46,30,6.5
F,115,96,174.9,13.5
M,101,77,131,10.5
M,91,75,96.8,8.5
M,128,101,288.7,19.5
F,112,87,175.5,14.5
F,129,104,262.1,13.5
F,119,97,250.3,15.5
M,113,90,181.7,18.5
F,131,100,234.1,13.5
M,96,76,105.6,15.5
F,99,77,132.5,12.5
F,80,67,86.7,11.5
M,82,62,71.9,12.5
F,119,93,221.4,13.5
F,125,95,171.9,14.5
M,104,85,154.7,18.5
M,93,72,87.3,12.5
F,95,75,100.2,14.5
F,100,81,134.7,19.5
M,92,71,83,13.5
M,97,77,95.5,13.5
F,93,78,111.1,16.5
M,105,83,128.9,13.5
F,131,106,285.6,19.5
M,138,108,323.9,25.5
M,110,90,162,12.5
F,116,95,207.7,14.5
F,118,95,194.3,12.5
M,113,88,173.6,12.5
F,133,114,304.4,14.5
F,124,102,225.1,15.5
M,110,92,141.7,13.5
F,121,95,203.7,16.5
M,107,84,144,16.5
F,102,79,123.5,13.5
M,106,81,147.6,10.5
F,99,75,119.4,12.5
M,115,91,231.2,14.5
F,126,100,244,15.5
M,118,90,149.7,15.5
F,121,97,214.7,15.5
M,129,100,245.8,18.5
F,124,100,229.2,14.5
M,121,97,229,17.5
F,123,100,221.1,17.5
F,132,105,334,12.5
F,142,115,311,16.5
F,113,90,185.7,13.5
F,114,87,161.7,17.5
I,120,89,211.4,17.5
I,82,60,51.9,11.5
F,90,65,87.6,10.5
M,55,40,19.8,6.5
I,97,71,101.7,10.5
F,124,97,233.2,14.5
F,96,76,101.4,13.5
F,101,82,126.9,18.5
M,80,62,62.8,12.5
I,90,71,87.7,12.5
M,70,52,39,10.5
M,88,70,90.2,17.5
M,53,40,16.8,8.5
M,33,25,4.9,5.5
F,141,111,293.7,20.5
F,107,85,155.3,17.5
I,98,77,108.5,12.5
F,96,74,117.7,16.5
F,79,60,67.5,13.5
I,75,56,51.3,13.5
M,69,53,32.6,11.5
I,110,83,161.9,13.5
I,127,96,273.1,17.5
I,115,95,193.4,14.5
F,109,87,137.1,11.5
F,77,61,62.8,11.5
F,102,68,140.1,12.5
I,88,68,97.9,14.5
I,90,72,90,13.5
I,78,60,51.8,9.5
F,85,65,76.4,13.5
F,90,70,88.7,12.5
I,132,105,338.7,16.5
F,137,105,342,17.5
F,117,95,171.5,13.5
I,108,87,194,18.5
F,98,78,118,13.5
M,86,66,68,15.5
F,91,73,77,14.5
I,99,76,103,14.5
F,96,76,118,13.5
I,94,80,102,15.5
M,83,64,60.1,12.5
I,98,77,136.6,14.5
I,94,75,93.6,11.5
I,89,69,81.5,12.5
F,102,76,116.8,14.5
F,104,81,165.8,16.5
I,95,73,90.9,9.5
F,91,72,87.7,11.5
I,87,68,81.4,11.5
I,78,60,61.7,7.5
I,75,57,47.8,9.5
M,57,43,21.2,6.5
I,116,89,235.6,21.5
F,116,88,214.6,20.5
M,82,63,61.2,10.5
M,82,60,60.2,10.5
I,108,81,151.7,11.5
M,66,49,34.2,12.5
I,88,62,72.5,12.5
M,56,42,18.1,6.5
I,118,93,217.7,18.5
I,122,96,219.4,14.5
I,122,92,255.6,18.5
M,91,69,88,13.5
M,66,47,32.6,11.5
I,88,66,104.4,17.5
M,108,81,194.3,20.5
F,95,75,117.6,11.5
F,92,66,106.5,11.5
I,62,47,25.4,7.5
I,51,38,16.3,6.5
M,67,51,32.7,9.5
I,59,42,20,9.5
I,38,26,5.3,6.5
M,109,87,199.1,20.5
M,99,80,132.1,16.5
M,100,75,144.2,15.5
F,61,45,29.7,8.5
F,95,70,97.4,14.5
M,103,80,191,14.5
M,109,82,174.6,19.5
M,148,107,330,14.5
M,113,93,225.7,17.5
M,112,88,222.3,11.5
M,109,84,194.9,14.5
M,129,103,292.1,20.5
M,115,87,202.1,11.5
M,124,96,215.3,14.5
F,121,90,244.5,14.5
M,121,95,323.2,19.5
F,95,75,111.8,13.5
M,73,57,44.1,10.5
F,92,70,88,9.5
M,106,86,175.8,11.5
M,96,79,136.3,19.5
M,91,69,115.9,14.5
I,70,53,41.8,10.5
M,74,56,44.8,9.5
I,68,50,35.3,8.5
I,70,56,39.2,9.5
I,70,53,38.4,7.5
I,78,63,61.9,8.5
I,79,62,62.6,8.5
I,83,62,71.9,7.5
I,86,64,77.1,8.5
I,96,71,115.7,9.5
M,98,79,134.8,10.5
F,98,74,105.3,8.5
F,112,93,206.3,10.5
M,112,90,180,8.5
M,116,92,203.3,10.5
F,116,96,249.9,9.5
M,118,94,233.7,9.5
F,119,95,229.6,11.5
M,120,95,217.8,12.5
M,122,94,206.5,10.5
F,126,95,234.4,12.5
M,128,102,274.3,11.5
F,130,109,301.1,11.5
M,142,110,380.9,14.5
M,148,121,498.5,14.5
I,50,36,16.1,5.5
I,56,42,22.2,7.5
I,65,48,30.4,7.5
I,70,53,39.8,6.5
I,72,54,43.8,7.5
I,73,54,43.1,7.5
I,74,56,51.3,7.5
I,75,57,51.4,8.5
I,76,55,50.1,7.5
I,79,60,55.8,9.5
I,86,67,75.6,7.5
I,88,70,91.2,9.5
I,93,74,101.1,8.5
F,93,71,94.1,8.5
M,96,74,128.6,9.5
I,97,74,102.6,8.5
F,98,80,113.8,10.5
I,99,80,115.6,9.5
I,100,77,119.2,9.5
F,101,78,114.5,9.5
M,104,78,128.7,8.5
M,104,79,162.3,8.5
F,105,88,142.3,8.5
M,110,88,183.1,9.5
F,111,88,176.3,9.5
F,111,84,186.2,9.5
F,115,92,213,9.5
M,120,95,227.7,10.5
F,122,96,246.8,13.5
F,122,99,252.7,11.5
F,122,94,214.9,9.5
M,123,101,280.6,9.5
M,124,97,226.5,10.5
F,125,99,222.3,12.5
F,125,94,251,11.5
M,125,97,287.4,12.5
M,127,99,272.7,11.5
F,128,96,228.7,10.5
M,128,100,290.9,10.5
M,132,105,295.6,11.5
F,133,104,337.7,12.5
F,143,117,414.5,11.5
M,144,113,357.4,12.5
F,145,116,304.6,10.5
I,33,24,4.2,4.5
I,42,30,9.1,5.5
I,71,53,48.7,7.5
I,80,63,53.5,7.5
I,80,58,51.6,8.5
I,80,60,59.7,7.5
I,87,67,82.2,8.5
I,88,66,76,8.5
I,90,68,87.7,9.5
I,93,69,80.3,7.5
I,94,71,89.7,8.5
I,94,71,83.1,8.5
I,95,84,141.9,9.5
I,97,74,127.4,8.5
F,101,95,223.1,9.5
I,102,81,119.8,9.5
I,104,76,106.9,9.5
F,106,84,125.4,9.5
M,107,84,149.3,11.5
M,110,88,197,9.5
M,111,88,170,9.5
M,111,88,167.6,9.5
F,111,86,162.4,10.5
M,112,83,152.3,9.5
M,115,88,174,9.5
F,117,90,196.7,10.5
M,118,92,185.8,11.5
F,119,94,203.1,10.5
M,120,82,187.8,9.5
M,120,95,232.8,13.5
M,122,94,242.8,11.5
F,123,98,226.9,12.5
F,124,102,246.6,11.5
M,125,99,216.3,11.5
M,125,94,235.8,10.5
F,128,100,232.7,12.5
F,128,95,230.9,10.5
F,129,104,266.9,11.5
M,130,101,293.8,10.5
M,131,104,298.4,12.5
F,131,108,311.7,12.5
F,132,100,265.5,10.5
M,134,105,332.3,11.5
F,138,105,298.4,13.5
F,140,115,347.3,12.5
F,140,112,332.1,12.5
M,142,114,269.6,12.5
M,143,109,348.1,11.5
F,144,109,343.7,12.5
I,43,30,8.2,4.5
I,48,37,13.1,5.5
I,52,41,19.4,5.5
I,64,48,26.2,7.5
I,66,46,33.9,7.5
I,67,52,38.4,7.5
I,70,52,35.3,8.5
I,70,53,34.7,7.5
I,72,53,35.7,7.5
I,72,53,41.1,8.5
I,73,55,46.9,8.5
I,76,57,46.1,8.5
I,80,62,62.8,7.5
I,80,63,66,7.5
I,80,53,55.5,10.5
I,85,65,81,9.5
I,86,65,61.8,7.5
M,87,67,87.7,8.5
I,87,68,79.2,9.5
I,89,71,72.3,9.5
I,90,70,102.8,9.5
I,91,87,85.3,9.5
I,92,68,76.8,9.5
I,95,71,97.3,10.5
I,95,72,87.1,9.5
I,95,70,99.6,8.5
I,96,71,98.8,10.5
F,99,74,118.8,8.5
I,100,73,105.6,10.5
M,101,78,111.7,9.5
I,103,80,127.2,10.5
I,105,78,113.4,9.5
I,106,81,132.3,10.5
I,106,84,131.6,9.5
M,107,83,156,9.5
I,107,82,121.5,10.5
I,108,82,140.5,9.5
I,110,85,174.5,11.5
F,113,90,247.3,11.5
M,114,94,237.2,11.5
I,114,84,154.9,10.5
F,114,84,177.5,9.5
I,115,91,174.5,9.5
I,115,88,170.3,10.5
F,115,95,179,10.5
M,115,90,177.2,10.5
I,116,92,185.3,11.5
I,116,92,165.9,11.5
I,116,94,181.4,12.5
M,116,94,208.2,10.5
F,117,93,187.1,10.5
F,117,92,211.6,10.5
F,119,93,159.1,11.5
F,120,94,216.1,10.5
M,120,94,185.6,9.5
F,120,95,211.8,12.5
M,120,95,231.4,12.5
F,120,95,217.6,11.5
F,120,97,155.2,10.5
F,124,96,208.6,11.5
M,125,96,228.3,10.5
F,125,95,266.7,11.5
F,125,100,254.6,10.5
M,125,98,236.7,12.5
M,125,97,242.7,10.5
I,126,93,206.3,12.5
M,127,99,273.9,11.5
M,130,103,274.9,13.5
M,130,103,292.6,12.5
F,130,104,325.5,12.5
F,130,95,277.5,10.5
M,131,105,292,12.5
F,131,106,256.7,9.5
F,132,100,275.3,13.5
M,132,103,329.3,12.5
M,135,103,253,11.5
M,137,106,312,12.5
M,143,104,320,13.5
M,147,111,466.6,13.5
I,35,25,5.6,5.5
I,74,57,45.2,9.5
I,79,60,57.1,6.5
I,84,65,65,8.5
I,91,74,102.8,9.5
I,99,75,115.1,9.5
F,102,75,116.1,8.5
M,103,78,135.6,9.5
M,109,86,160.7,8.5
F,111,81,182.6,10.5
M,116,90,173.5,10.5
F,118,93,208.5,11.5
M,120,92,228,11.5
F,122,98,269.5,12.5
M,123,95,214.7,12.5
M,123,95,286.7,10.5
M,123,99,260.8,15.5
M,124,92,190.1,10.5
M,126,103,277,12.5
F,128,100,224,13.5
F,128,100,252.9,10.5
F,131,91,255,9.5
M,131,101,254,11.5
M,132,106,316.6,11.5
F,133,100,287.1,10.5
F,134,105,284,11.5
M,138,106,319.1,11.5
M,143,105,378,11.5
F,147,113,407.4,14.5
I,54,41,16.8,7.5
I,57,45,20.1,8.5
I,59,44,25.7,6.5
I,60,45,26.9,6.5
I,60,44,23.9,6.5
I,72,53,37.9,7.5
I,74,55,51.4,7.5
I,78,58,54.9,9.5
I,87,65,68.4,7.5
I,88,68,68.8,9.5
I,88,64,65.5,9.5
I,89,69,80.7,8.5
I,93,74,81.5,10.5
I,93,71,99.5,9.5
I,94,69,73.7,9.5
I,95,73,83.5,8.5
I,95,67,88.5,10.5
I,95,70,84.5,10.5
I,97,73,85.2,9.5
I,98,78,102.2,10.5
I,103,81,114.6,10.5
I,104,83,127.7,9.5
I,105,81,131.4,11.5
F,105,85,174.7,11.5
I,106,85,156.2,10.5
I,106,84,135.3,10.5
M,106,82,153.8,10.5
I,106,79,124.7,12.5
M,107,81,146.3,8.5
I,107,90,161.5,11.5
M,109,82,147.4,10.5
F,109,82,130.8,11.5
I,110,83,158.3,11.5
I,110,90,150.6,9.5
I,110,80,143.4,10.5
I,111,86,156.6,10.5
I,115,90,174.4,10.5
I,115,88,196.6,9.5
F,117,84,206.8,12.5
F,117,93,197.1,11.5
I,117,92,152.7,10.5
M,118,93,197.9,9.5
I,119,94,187.3,11.5
F,119,88,192.8,11.5
F,119,92,209.1,11.5
F,119,90,216.2,13.5
M,120,94,202.4,11.5
F,120,100,224.4,11.5
M,121,98,224.9,12.5
F,121,98,226.9,11.5
M,122,90,216.1,11.5
F,122,99,216.7,10.5
M,123,94,248.4,12.5
M,124,100,278.3,12.5
M,124,105,217,11.5
I,124,94,193.2,12.5
M,124,96,217.1,11.5
F,125,97,260.5,15.5
I,125,97,230,12.5
I,126,98,243.4,12.5
F,126,101,261.2,10.5
M,128,100,254.6,14.5
M,129,102,297.3,13.5
M,130,104,273.1,12.5
M,130,99,255.2,12.5
M,130,99,241.5,11.5
F,130,104,256.2,11.5
M,130,105,285.5,14.5
M,130,102,231,13.5
F,130,102,270,11.5
M,130,105,273.7,12.5
F,132,106,286.2,11.5
M,132,102,252.2,11.5
F,133,108,352.8,12.5
F,134,102,255.6,12.5
M,134,108,243.4,12.5
F,134,108,292,10.5
F,135,107,311.5,12.5
M,135,102,305.4,12.5
F,135,106,299.7,10.5
M,137,110,377,11.5
M,137,107,286.4,12.5
M,141,110,287.7,12.5
F,141,106,312.8,11.5
M,142,111,428,12.5
F,145,112,358.4,12.5
M,156,120,509.6,12.5
I,47,26,31.7,6.5
I,70,50,80.3,8.5
I,72,50,93,8.5
I,76,56,57.7,8.5
F,76,64,129.5,8.5
M,86,62,129.7,10.5
I,93,72,90.4,10.5
I,94,71,98.3,10.5
F,97,73,182.9,8.5
M,99,75,195.2,10.5
I,100,79,157.3,9.5
M,101,80,155,8.5
I,102,75,168.3,11.5
M,102,76,136.2,10.5
M,103,74,122.9,10.5
F,110,83,233.1,10.5
F,115,84,352.8,11.5
M,121,91,224.3,11.5
M,123,101,233.4,11.5
M,123,95,207.5,10.5
M,125,96,244.6,11.5
M,125,94,224.8,10.5
F,127,101,252.7,10.5
F,130,105,247.6,10.5
F,130,100,280.9,12.5
F,134,105,274,13.5
F,139,105,363.7,14.5
F,141,111,350.5,13.5
I,55,41,20.2,6.5
I,57,41,21.2,6.5
I,72,53,37.3,8.5
I,77,58,51.5,7.5
I,80,63,64.5,7.5
I,86,66,64,8.5
I,87,75,83.1,9.5
I,90,67,78.7,8.5
I,95,71,95.5,9.5
I,95,72,90.4,9.5
I,97,74,101.3,9.5
I,102,79,110.5,9.5
I,103,78,113,10.5
I,104,82,139.8,11.5
I,105,80,121.1,10.5
M,106,85,158.1,10.5
M,106,85,140.4,10.5
M,106,84,135,11.5
I,106,79,95,9.5
I,106,82,122.4,12.5
I,107,80,141,11.5
I,107,90,145.6,10.5
F,111,88,169.2,11.5
M,111,92,172,11.5
M,112,93,177.5,10.5
F,112,86,179.6,10.5
I,113,86,130.9,10.5
I,115,90,159,11.5
M,115,93,210.7,10.5
F,115,92,185.4,10.5
I,116,84,140.2,10.5
M,116,90,165.5,9.5
F,117,84,196.9,14.5
M,117,94,191.3,10.5
I,118,90,172,10.5
M,119,96,235.7,11.5
M,123,96,244.1,11.5
M,123,91,193.7,11.5
F,124,100,221.4,12.5
I,124,96,226.1,13.5
M,124,96,251.1,12.5
M,125,99,235.4,10.5
M,125,100,248.5,11.5
M,126,98,218,13.5
F,126,95,214.4,9.5
F,129,102,225.8,11.5
F,130,101,241.5,11.5
F,130,99,245.4,12.5
F,131,104,294.4,14.5
F,133,105,315.7,15.5
M,134,104,295.1,11.5
M,135,108,310.9,13.5
F,135,108,318.6,12.5
M,139,116,379.9,14.5
F,139,107,272.2,11.5
F,141,112,291.5,12.5
M,148,116,476.2,13.5
I,41,31,9.9,4.5
I,61,46,29.1,7.5
I,64,46,25.8,8.5
I,71,54,45.1,8.5
M,85,61,71.8,10.5
I,85,62,70.1,9.5
F,90,73,117.7,9.5
M,103,77,124.6,11.5
F,104,75,107.5,9.5
I,105,80,113.1,9.5
M,111,89,172.5,10.5
F,122,98,227.4,13.5
I,70,52,44.2,9.5
I,76,55,48.5,7.5
I,92,68,77.2,9.5
M,93,71,106.3,9.5
M,95,77,112.4,9.5
M,113,89,167.2,10.5
M,114,90,185.5,9.5
M,114,88,176.3,11.5
M,119,92,206,11.5
F,121,96,233.7,10.5
F,123,91,211.8,10.5
M,124,92,225.4,8.5
M,125,94,233.3,12.5
F,136,104,308.2,11.5
M,136,108,356.5,12.5
M,136,104,308.6,12.5
F,142,111,294,13.5
M,100,77,126.7,15.5
F,109,84,150.8,11.5
F,92,73,89.7,15.5
M,107,82,162.1,12.5
M,67,52,44,7.5
F,85,70,88.5,8.5
M,82,65,71.1,10.5
I,34,21,6.8,5.5
I,67,50,37,9.5
M,104,85,158,9.5
F,106,82,165.1,10.5
M,100,84,124,12.5
F,123,95,190.5,10.5
M,115,90,191,17.5
M,114,90,182,15.5
M,91,70,83.2,12.5
I,74,55,40.9,7.5
M,89,74,103,10.5
F,135,107,320.8,15.5
M,77,60,68.7,7.5
F,75,59,60.1,8.5
M,112,88,165.1,11.5
M,110,82,157,13.5
F,114,93,193.7,10.5
F,97,80,146.2,12.5
M,82,67,88.1,9.5
I,67,51,35.7,10.5
M,131,103,274.6,17.5
F,113,90,195.3,13.5
F,114,88,203.6,10.5
F,110,93,216.4,15.5
F,126,95,284.6,15.5
M,95,74,131,11.5
F,131,100,283.1,19.5
I,64,47,27.7,6.5
M,105,79,156.4,20.5
F,105,86,143.4,11.5
F,100,78,127.1,16.5
F,88,68,79.5,9.5
F,98,77,131.2,10.5
M,109,88,148.8,16.5
F,90,72,89.4,13.5
F,103,80,115.6,10.5
I,66,50,28.1,6.5
F,105,82,141.6,13.5
M,59,45,27.7,10.5
M,109,90,172.3,17.5
F,129,100,325.2,16.5
M,90,71,95.6,11.5
F,122,98,235.5,16.5
I,76,60,57.2,8.5
F,113,91,211.6,11.5
F,134,109,308.3,16.5
M,108,85,163.4,11.5
I,58,45,30.4,10.5
I,82,66,67,8.5
F,92,75,98.3,8.5
F,112,88,194.1,10.5
F,115,90,186.3,13.5
M,124,100,244.2,13.5
M,103,80,147.3,17.5
F,112,92,194,13.5
F,100,80,161.7,14.5
I,87,71,81.5,10.5
M,99,76,125.9,13.5
F,119,100,210.6,14.5
M,152,115,365.8,15.5
F,123,100,235.3,18.5
F,113,92,175.3,11.5
I,28,21,2.9,5.5
M,89,69,95.2,16.5
F,105,86,162.6,13.5
I,32,24,3.6,5.5
M,127,96,212.8,17.5
M,115,94,170.6,17.5
M,76,54,43.8,7.5
M,49,36,12.7,5.5
I,96,78,125.5,14.5
I,91,73,88.2,10.5
F,91,75,91.6,11.5
M,91,71,94.9,14.5
I,71,54,43.2,11.5
I,104,81,135.3,16.5
I,108,80,151.4,12.5
I,104,78,146.5,20.5
I,112,89,205.7,12.5
F,104,82,142.4,11.5
I,123,92,213.2,14.5
F,129,98,261.3,19.5
I,113,86,170.9,12.5
M,59,46,25,9.5
M,75,56,44.5,11.5
I,105,80,139.1,11.5
M,79,56,53.2,13.5
F,100,80,142.1,21.5
F,94,70,97.4,9.5
I,116,84,145.6,15.5
I,100,76,133.5,13.5
I,145,110,409.9,11.5
F,130,103,299.6,17.5
F,134,107,319.4,22.5
I,110,88,172.1,18.5
F,98,74,108.2,12.5
I,47,36,11.6,7.5
I,47,35,12.9,6.5
M,104,82,154,12.5
F,95,80,108.2,14.5
M,106,85,147.8,14.5
F,70,55,41,11.5
M,111,84,173.9,15.5
M,101,78,131.1,12.5
F,108,88,218.1,16.5
F,105,80,125.9,12.5
M,110,90,219.7,15.5
M,110,88,198.2,21.5
I,47,35,12.3,7.5
M,105,82,160.1,14.5
M,95,73,123.5,17.5
F,106,80,154.4,13.5
F,105,83,143.1,14.5
F,106,85,143.4,14.5
F,93,78,127.1,14.5
I,63,47,36,6.5
I,93,71,116.1,9.5
M,97,77,111.2,8.5
I,98,77,118.2,10.5
F,103,79,137.2,13.5
F,111,88,203.2,11.5
F,122,100,287.6,10.5
F,136,110,361.4,12.5
M,138,110,355.4,12.5
M,139,110,434.6,11.5
F,144,115,430.1,11.5
I,54,41,23.6,5.5
I,54,38,19.8,6.5
I,59,44,27.3,7.5
I,59,44,25.9,7.5
I,63,46,32.8,7.5
I,75,58,57.5,7.5
I,76,60,55.4,7.5
I,77,57,49.6,7.5
I,80,59,50.4,7.5
M,83,63,80.3,9.5
I,83,66,78.1,8.5
I,84,64,81.8,9.5
I,88,66,81.9,7.5
I,90,70,98.8,8.5
I,95,70,98.1,8.5
M,97,78,119.8,9.5
M,99,75,124.9,7.5
F,105,82,154.9,8.5
M,113,91,195.9,9.5
I,116,87,178.3,7.5
F,117,90,174.8,7.5
M,120,93,252.4,11.5
M,126,96,242,12.5
F,129,105,274,11.5
F,131,109,351.8,12.5
M,133,103,277.1,9.5
F,134,104,361.3,12.5
M,134,102,318.9,11.5
M,137,102,290.9,10.5
M,140,120,400.6,11.5
M,144,120,447.7,13.5
I,37,27,6.4,5.5
I,49,35,15.7,6.5
I,63,46,26.8,7.5
I,72,54,41.5,7.5
I,75,56,44.7,7.5
I,83,62,68,7.5
I,91,70,107.3,8.5
I,96,70,127,7.5
I,97,75,112.4,9.5
I,102,78,119.4,9.5
M,104,79,116.3,11.5
F,111,86,150.9,10.5
M,117,93,196,10.5
F,117,92,200.7,12.5
M,117,91,226.6,13.5
M,122,98,229.2,9.5
M,122,95,228.4,10.5
M,123,106,224,10.5
F,124,93,202.2,9.5
M,125,101,226.2,9.5
M,125,96,213,11.5
M,127,96,236.2,11.5
F,128,105,276.4,10.5
M,132,101,287.7,12.5
M,132,97,245.5,9.5
M,132,103,288.3,11.5
F,136,110,294.6,12.5
F,138,116,331.6,11.5
M,144,109,349.5,12.5
I,55,40,19.2,7.5
I,66,49,28.9,7.5
I,66,52,39.3,8.5
I,73,56,39.2,8.5
I,73,54,43.1,7.5
I,84,62,56.1,9.5
I,87,67,66.8,8.5
I,87,65,73.2,8.5
I,88,65,99.3,9.5
I,97,73,130.2,9.5
I,99,77,102.5,11.5
M,102,81,138.5,8.5
I,104,82,119.9,12.5
I,108,84,148,9.5
I,108,83,140.4,11.5
I,110,89,134.4,12.5
I,112,88,162.2,12.5
F,115,90,191.7,13.5
I,115,90,171.6,11.5
F,115,92,191.5,11.5
F,116,92,185.2,9.5
F,116,85,174.6,11.5
M,118,90,199.6,10.5
M,120,92,133.1,12.5
M,124,97,200.6,12.5
F,125,99,246.8,14.5
M,125,99,205,10.5
M,125,99,258.7,10.5
M,125,100,211.3,11.5
M,125,94,357.1,14.5
F,125,97,245.1,11.5
F,127,100,251.3,11.5
F,129,100,231.8,10.5
M,129,102,280.6,12.5
F,138,107,365.2,12.5
F,139,112,354.3,11.5
M,103,78,122.5,9.5
I,109,81,131.6,9.5
M,124,93,182.2,11.5
M,126,98,239.1,10.5
F,126,103,267.2,12.5
F,128,98,272,10.5
I,74,55,46.5,7.5
I,79,62,63.4,8.5
I,80,60,63.6,7.5
I,82,61,52.9,8.5
I,91,67,81.1,9.5
I,96,67,104.8,8.5
I,97,75,92.8,9.5
I,100,72,87.8,9.5
I,103,79,116.1,10.5
I,104,80,124.4,9.5
M,109,90,156.1,9.5
I,109,86,154.4,9.5
I,110,87,148.2,10.5
M,110,86,165.3,11.5
M,110,77,145.5,9.5
I,111,86,140.1,9.5
M,112,90,187.1,12.5
I,113,93,236.3,10.5
M,114,89,202.9,11.5
F,115,96,220,11.5
M,117,102,243.6,12.5
M,118,90,174.8,9.5
I,119,95,196.8,11.5
M,120,94,202.1,10.5
M,122,73,215.3,10.5
M,123,95,267.4,12.5
M,125,100,274.1,13.5
F,125,98,340.3,12.5
M,126,97,248.7,12.5
M,126,106,282.7,14.5
F,127,97,214.6,12.5
F,127,100,295.4,13.5
M,127,100,258.3,10.5
F,130,99,262.1,10.5
M,134,105,298.3,10.5
F,135,104,298.8,10.5
F,135,102,239.3,12.5
M,136,109,334.4,12.5
M,140,109,382.5,11.5
F,142,109,381.4,12.5
F,143,113,358,10.5
F,144,118,349.9,12.5
I,84,61,68.3,8.5
I,96,70,103.8,8.5
M,96,73,106.1,9.5
M,102,82,256.5,10.5
I,103,80,143.3,9.5
F,112,84,332.9,10.5
I,112,84,167.4,9.5
F,114,90,192.9,10.5
F,121,93,220,11.5
M,125,96,248.3,10.5
F,128,101,263.7,10.5
M,130,105,269.1,10.5
I,60,43,23.7,5.5
M,70,53,39.4,8.5
I,91,70,94.5,10.5
I,92,73,89.9,9.5
I,98,75,111.4,9.5
I,100,77,103.2,9.5
I,108,83,141.8,10.5
M,110,84,147.7,12.5
I,110,89,158.7,11.5
M,111,87,184.1,9.5
I,114,85,153.1,11.5
M,116,90,164.8,11.5
I,116,85,166,12.5
I,117,94,197,11.5
M,117,90,199.4,12.5
F,119,91,182.8,10.5
F,120,100,226,12.5
F,123,99,216.1,10.5
M,126,101,221,12.5
M,126,98,245.8,12.5
F,127,99,247.1,11.5
F,129,107,247.9,11.5
F,130,101,271.4,12.5
M,131,105,280.4,14.5
F,131,100,271.8,14.5
M,134,107,333.8,12.5
M,134,105,348.1,12.5
M,139,106,302,11.5
M,139,110,332.9,12.5
M,154,121,410.1,12.5
I,56,43,24.8,7.5
I,66,46,28,8.5
I,70,50,33.9,7.5
I,74,56,43.6,8.5
I,86,63,76.8,9.5
I,87,66,78.6,7.5
I,88,70,76.1,7.5
M,95,74,97.9,9.5
M,95,72,102.7,9.5
I,96,71,89.9,9.5
F,112,88,160.5,10.5
F,117,95,210.6,12.5
F,117,91,198.9,12.5
M,77,51,63.5,9.5
I,78,62,68.8,8.5
I,78,58,56.9,8.5
I,81,60,60.7,8.5
I,95,73,99.8,11.5
M,100,76,115.4,10.5
F,103,80,123,9.5
M,104,77,158.2,11.5
M,110,86,167.9,11.5
M,112,86,173.5,9.5
F,113,90,177.4,12.5
M,118,88,193.2,11.5
M,120,95,235.2,10.5
F,125,97,218.9,11.5
M,142,111,389.7,13.5
